"Guid","AccountSource","AnnualRevenue","BillingCity","BillingCountry","BillingEmail__c","BillingGeocodeAccuracy","BillingLatitude","BillingLongitude","BillingPostalCode","BillingState","BillingStreet","CorporateLocations__c","Description","Fax","Industry","IsCustomerPortal","Jigsaw","Name","NumberOfEmployees","ParentId","Phone","SBQQ__AssetQuantitiesCombined__c","SBQQ__CoTermedContractsCombined__c","SBQQ__CoTerminationEvent__c","SBQQ__ContractCoTermination__c","SBQQ__IgnoreParentContractedPrices__c","SBQQ__PreserveBundle__c","SBQQ__PriceHoldEnd__c","SBQQ__RenewalModel__c","SBQQ__RenewalPricingMethod__c","SBQQ__TaxExempt__c","ShippingCity","ShippingCountry","ShippingGeocodeAccuracy","ShippingLatitude","ShippingLongitude","ShippingPostalCode","ShippingState","ShippingStreet","SicDesc","TaxID__c","Test_Field__c","Type","Website","blng__CustomerProfileId__c","blng__DefaultPaymentType__c","ccrz__CustomField1__c","ccrz__CustomField2__c","ccrz__DataId__c","ccrz__PreventAddrBookSave__c","ccrz__PreventNewAddrCheckout__c","ccrz__PreventNewBillAddrCO__c","ccrz__SourceSystem__c","ccrz__TaxExemptAccount__c","ccrz__UsedByCloudcraze__c","of_soda_machines__c"
00988bb6-b17e-488d-b280-ad8535fe05e6,"#N/A","#N/A",San Francisco,USA,ap@salesforce.com,"#N/A","#N/A","#N/A",94105,CA,"The Landmark @ One Market, Suite 300",33.0,"Founded in March 1999, salesforce.com (http://www.salesforce.com) builds and delivers customer relationship management (CRM) applications as scalable online services. The salesforce.com product suite - Team Edition, Professional Edition, Enterprise Edition, Wireless Edition and Offline Edition - gives companies of all sizes a complete 360-degree view of the customer. The company's award-winning CRM solutions provide integrated online sales force automation, customer service and support management, and marketing automation applications to help companies meet the complex challenges of global customer communication. Salesforce.com has received considerable recognition in the industry, including Editors' Choice and two Five-Star ratings from PC Magazine, two Deploy Awards from InfoWorld, Red Herring 100, Upside Hot 100, Investor's Choice Award from Enterprise Outlook, Editors' Choice from TMCLabs, Top 10 CRM Implementation from Aberdeen Group, and InfoWorld's 2001 CRM Technology of the Year. Founded in 1999, salesforce.com is headquartered in San Francisco, with offices in Europe and Asia.",(415) 901-7040,Corporate Office,false,"#N/A",salesforce.com,"#N/A","#N/A",(415) 901-7000,false,false,"#N/A","#N/A",false,false,"#N/A","#N/A","#N/A","#N/A",San Francisco,USA,"#N/A","#N/A","#N/A",94105,CA,"The Landmark @ One Market, Suite 300","#N/A",12-3456789,"#N/A",Prospect,http://www.salesforce.com,"#N/A","#N/A","#N/A","#N/A","#N/A",false,false,false,"#N/A",false,false,"#N/A"
01dd400e-4a39-4555-8b16-2389b74a88ca,"#N/A",7.41215097E8,Osaka,Japan,"#N/A","#N/A","#N/A","#N/A","#N/A","#N/A","1006, Oaza Kadoma","#N/A",TSM South is the leader in Healthcare,"#N/A",Healthcare,false,"#N/A",Flipbug,"#N/A","#N/A","#N/A",false,false,"#N/A",Never,false,true,"#N/A",Contract Based,Same,No,"#N/A","#N/A","#N/A","#N/A","#N/A","#N/A","#N/A","#N/A","#N/A","#N/A","#N/A",Prospect,"#N/A","#N/A","#N/A","#N/A","#N/A","#N/A",false,false,false,"#N/A",false,false,"#N/A"
02b83474-6faf-448d-a75f-f85c89af8294,"#N/A","#N/A","#N/A","#N/A",billing@cedarpoint.com,"#N/A","#N/A","#N/A","#N/A",OH,"#N/A",1.0,"#N/A","#N/A",Entertainment,false,"#N/A",Cedar Point,2600,"#N/A","#N/A",false,false,"#N/A",Never,false,true,"#N/A",Contract Based,Same,No,"#N/A","#N/A","#N/A","#N/A","#N/A","#N/A","#N/A","#N/A","#N/A",12-3456789,"#N/A",Customer,"#N/A","#N/A","#N/A","#N/A","#N/A","#N/A",false,false,false,"#N/A",false,false,"#N/A"
0401c371-e6e3-468e-bfb5-ac67e5fc79a3,"#N/A",3.02983857E8,Bateman,Australia,"#N/A","#N/A","#N/A","#N/A",6150,WA,29 Noalimba Cr,"#N/A",North Central Positronics is the leader in Energy in Bateman,"#N/A",Energy,false,"#N/A",Kayveo,"#N/A","#N/A",(08) 7367 7550,false,false,"#N/A",Never,false,true,"#N/A",Contract Based,Same,No,Bateman,Australia,"#N/A","#N/A","#N/A",6150,WA,29 Noalimba Cr,"#N/A","#N/A","#N/A",Customer,"#N/A","#N/A","#N/A","#N/A","#N/A","#N/A",false,false,false,"#N/A",false,false,"#N/A"
04cf6099-2568-4398-8318-42cda78d7f21,"#N/A",1.57107E11,Minnetonka,United States,"#N/A","#N/A","#N/A","#N/A",55343-9693,MN,9900 Bren Rd E Ste 300w,"#N/A","Input, Inc. is the leader in Shipping in Minnetonka","#N/A",Shipping,false,"#N/A",Skinte,"#N/A","#N/A",1.952.936.1300,false,false,"#N/A",Never,false,true,"#N/A",Contract Based,Same,No,Minneapolis,US,"#N/A","#N/A","#N/A",55440-1459,MN,P.O. BOX 1459,"#N/A","#N/A","#N/A",Customer,"#N/A","#N/A","#N/A","#N/A","#N/A","#N/A",false,false,false,"#N/A",false,false,"#N/A"
053e8076-4bff-42f1-8180-50824cdbb670,"#N/A",7.9457611E7,Paris,France,"#N/A","#N/A","#N/A","#N/A","#N/A",Paris,75716,"#N/A",Sto Plains Holdings is the leader in Agriculture in Paris,"#N/A",Agriculture,false,"#N/A",Plambee,"#N/A","#N/A","#N/A",false,false,"#N/A",Never,false,true,"#N/A",Contract Based,Same,No,"#N/A","#N/A","#N/A","#N/A","#N/A","#N/A","#N/A","#N/A","#N/A","#N/A","#N/A",Customer,"#N/A","#N/A","#N/A","#N/A","#N/A","#N/A",false,false,false,"#N/A",false,false,"#N/A"
067fdbbf-7e95-44d0-b1f2-82159ea2f8fc,"#N/A",2.90807169E8,Algester,Australia,"#N/A","#N/A","#N/A","#N/A",4115,QLD,16 Hinterland Cr,"#N/A",McMahon and Tate is the leader in Machinery in Algester,"#N/A",Machinery,false,"#N/A",Meejo,"#N/A","#N/A",(07) 6586 8516,false,false,"#N/A",Never,false,true,"#N/A",Contract Based,Same,No,Algester,Australia,"#N/A","#N/A","#N/A",4115,QLD,16 Hinterland Cr,"#N/A","#N/A","#N/A",Customer,"#N/A","#N/A","#N/A","#N/A","#N/A","#N/A",false,false,false,"#N/A",false,false,"#N/A"
077ac6bd-2e9f-4aea-bc97-76386ae17640,"#N/A",7.3785E10,Minneapolis,United States,"#N/A","#N/A","#N/A","#N/A",55403-2542,MN,1000 Nicollet Mall,"#N/A","Equality Consulting, LLC is the leader in Services in Minneapolis","#N/A",Services,false,"#N/A",Shufflester,"#N/A","#N/A",1.612.304.6073,false,false,"#N/A",Never,false,true,"#N/A",Contract Based,Same,No,"#N/A","#N/A","#N/A","#N/A","#N/A","#N/A","#N/A",P.O. BOX 81226,"#N/A","#N/A","#N/A",Prospect,"#N/A","#N/A","#N/A","#N/A","#N/A","#N/A",false,false,false,"#N/A",false,false,"#N/A"
07fcff80-1c28-4d45-86b9-31561ed79377,"#N/A",6.52105621E8,Ettalong Beach,Australia,"#N/A","#N/A","#N/A","#N/A",2257,NSW,356 Ocean View Rd,"#N/A",Mainway Toys is the leader in Retail in Ettalong Beach,"#N/A",Retail,false,"#N/A",Podcat,"#N/A","#N/A",(02) 7575 8703,false,false,"#N/A",Never,false,true,"#N/A",Contract Based,Same,No,Ettalong Beach,Australia,"#N/A","#N/A","#N/A",2257,NSW,356 Ocean View Rd,"#N/A","#N/A","#N/A",Prospect,"#N/A","#N/A","#N/A","#N/A","#N/A","#N/A",false,false,false,"#N/A",false,false,"#N/A"
0b58d27e-a55c-438b-bf1f-3b022e426510,"#N/A",5.1403189E8,Kogarah,Australia,"#N/A","#N/A","#N/A","#N/A",2217,NSW,2/2 Bowns Rd,"#N/A",Burleigh and Stronginthearm is the leader in Communications in Kogarah,"#N/A",Communications,false,"#N/A",Eamia,"#N/A","#N/A",(02) 8850 8728,false,false,"#N/A",Never,false,true,"#N/A",Contract Based,Same,No,Kogarah,Australia,"#N/A","#N/A","#N/A",2217,NSW,2/2 Bowns Rd,"#N/A","#N/A","#N/A",Customer,"#N/A","#N/A","#N/A","#N/A","#N/A","#N/A",false,false,false,"#N/A",false,false,"#N/A"
106931a3-2478-47e6-a384-7a8d080b56c1,"#N/A",4.15880303E8,Balaclava,Australia,"#N/A","#N/A","#N/A","#N/A",3183,VIC,5/5a The Avenue,"#N/A",Praveen Kagalkar Hospital is the leader in Healthcare in Balaclava,"#N/A",Healthcare,false,"#N/A",Babbleopia,"#N/A","#N/A",(03) 8569 6279,false,false,"#N/A",Never,false,true,"#N/A",Contract Based,Same,No,Balaclava,Australia,"#N/A","#N/A","#N/A",3183,VIC,5/5a The Avenue,"#N/A","#N/A","#N/A",Customer,"#N/A","#N/A","#N/A","#N/A","#N/A","#N/A",false,false,false,"#N/A",false,false,"#N/A"
10f53264-9617-4f03-a2a0-0cd7146f5206,"#N/A",9.05588171E8,Lansvale,Australia,"#N/A","#N/A","#N/A","#N/A",2166,NSW,4 Riverside Rd,"#N/A",Sixty Second Avenue is the leader in Agriculture in Lansvale,"#N/A",Agriculture,false,"#N/A",Zoomlounge,"#N/A","#N/A",(02) 6837 7271,false,false,"#N/A",Never,false,true,"#N/A",Contract Based,Same,No,Lansvale,Australia,"#N/A","#N/A","#N/A",2166,NSW,4 Riverside Rd,"#N/A","#N/A","#N/A",Customer,"#N/A","#N/A","#N/A","#N/A","#N/A","#N/A",false,false,false,"#N/A",false,false,"#N/A"
1329e654-9edf-4d6c-855b-2c9e50c5cc2b,"#N/A","#N/A","#N/A","#N/A",ap@universal.com,"#N/A","#N/A","#N/A","#N/A","#N/A","#N/A",4.0,"#N/A","#N/A",Entertainment,false,"#N/A",Universal Studios,"#N/A","#N/A","#N/A",false,false,"#N/A",Never,false,true,"#N/A",Contract Based,Same,No,"#N/A","#N/A","#N/A","#N/A","#N/A","#N/A","#N/A","#N/A","#N/A",12-3456789,"#N/A",Prospect,"#N/A","#N/A","#N/A","#N/A","#N/A","#N/A",false,false,false,"#N/A",false,false,"#N/A"
1340fdc0-d5eb-4058-b595-d8460ffa352d,"#N/A",4.7011E10,Peoria,United States,"#N/A","#N/A","#N/A","#N/A",61629-0002,IL,100 Ne Adams St,"#N/A",Carthage Automotive is the leader in Automotive in Peoria,"#N/A",Automotive,false,"#N/A",Oloo,"#N/A","#N/A",1.309.675.1000,false,false,"#N/A",Never,false,true,"#N/A",Contract Based,Same,No,"#N/A","#N/A","#N/A","#N/A","#N/A","#N/A","#N/A","#N/A","#N/A","#N/A","#N/A",Customer,"#N/A","#N/A","#N/A","#N/A","#N/A","#N/A",false,false,false,"#N/A",false,false,"#N/A"
1394dde7-90cf-4acd-ad09-c27b96b1c630,"#N/A","#N/A","#N/A","#N/A",accounting@ihg.com.invalid.invalid,"#N/A","#N/A","#N/A","#N/A","#N/A","#N/A",2950.0,"#N/A","#N/A",Hospitality,false,"#N/A",IHG Hotels & Resorts,9636,"#N/A","#N/A",false,false,"#N/A",Never,false,true,"#N/A",Contract Based,Same,No,"#N/A","#N/A","#N/A","#N/A","#N/A","#N/A","#N/A","#N/A","#N/A",73-6482303,"#N/A",Prospect,"#N/A","#N/A","#N/A","#N/A","#N/A","#N/A",false,false,false,"#N/A",false,false,"#N/A"
13b224ad-e808-4582-9878-ba9213f548ed,"#N/A",1.01006E11,New York,United States,"#N/A","#N/A","#N/A","#N/A",10017-2014,NY,270 Park Ave,"#N/A",Human Rights Defense Fund is the leader in Non Profit in New York,"#N/A",Non Profit,false,"#N/A",Jetpulse,"#N/A","#N/A",1.212.270.6000,false,false,"#N/A",Never,false,true,"#N/A",Contract Based,Same,No,"#N/A","#N/A","#N/A","#N/A","#N/A","#N/A","#N/A","#N/A","#N/A","#N/A","#N/A",Customer,"#N/A","#N/A","#N/A","#N/A","#N/A","#N/A",false,false,false,"#N/A",false,false,"#N/A"
16a83cf9-35ad-4c57-ac49-ee73be27b6f9,"#N/A",7.40417719E8,Paris,France,"#N/A","#N/A","#N/A","#N/A","#N/A","#N/A",75 Avenue de la Grande Armée,"#N/A",Universal Export is the leader in Shipping,"#N/A",Shipping,false,"#N/A",Talane,"#N/A","#N/A","#N/A",false,false,"#N/A",Never,false,true,"#N/A",Contract Based,Same,No,"#N/A","#N/A","#N/A","#N/A","#N/A","#N/A","#N/A","#N/A","#N/A","#N/A","#N/A",Customer,"#N/A","#N/A","#N/A","#N/A","#N/A","#N/A",false,false,false,"#N/A",false,false,"#N/A"
18681062-a8fa-4de5-b101-2806277186b2,"#N/A",1.07006E11,Seattle,United States,"#N/A","#N/A","#N/A","#N/A",98109-5210,WA,410 Terry Ave N,"#N/A",Heimdall College of Optometry is the leader in Higher Education in Seattle,"#N/A",Higher Education,false,"#N/A",Bluezoom,"#N/A","#N/A",1.206.266.1000,false,false,"#N/A",Never,false,true,"#N/A",Contract Based,Same,No,Seattle,US,"#N/A","#N/A","#N/A",98108-1300,WA,P.O. BOX 81226,"#N/A","#N/A","#N/A",Prospect,"#N/A","#N/A","#N/A","#N/A","#N/A","#N/A",false,false,false,"#N/A",false,false,"#N/A"
1878f12c-1be2-4ff4-b083-684636de09c7,"#N/A","#N/A",Brighton,USA,"#N/A","#N/A","#N/A","#N/A",80020,Colorado,5678 Victory Rd,"#N/A",Alexa Roberts is the leader in Machinery in Brighton,"#N/A",Machinery,false,"#N/A",Dabtype,"#N/A","#N/A","#N/A",false,false,"#N/A",Never,false,true,"#N/A",Contract Based,Same,No,"#N/A","#N/A","#N/A","#N/A","#N/A","#N/A","#N/A","#N/A","#N/A","#N/A","#N/A",Prospect,"#N/A","#N/A","#N/A","#N/A","#N/A","#N/A",false,false,false,"#N/A",false,false,"#N/A"
189fde3a-3665-472b-b2b4-10a150292f6d,"#N/A",7.40417719E8,Fairfield,Australia,"#N/A","#N/A","#N/A","#N/A",4103,QLD,40 Archibald St,"#N/A",Mooby Corp is the leader in Chemicals in Fairfield,"#N/A",Chemicals,false,"#N/A",Skalith,"#N/A","#N/A",(07) 8503 6141,false,false,"#N/A",Never,false,true,"#N/A",Contract Based,Same,No,Fairfield,Australia,"#N/A","#N/A","#N/A",4103,QLD,40 Archibald St,"#N/A","#N/A","#N/A",Customer,"#N/A","#N/A","#N/A","#N/A","#N/A","#N/A",false,false,false,"#N/A",false,false,"#N/A"
1ac03ff5-1e02-4fb3-8f98-3c8ee32e4b4a,"#N/A",1.02531E11,Dublin,United States,"#N/A","#N/A","#N/A","#N/A",43017-1091,OH,7000 Cardinal Pl,"#N/A",Sombra Corporation is the leader in Construction in Dublin,"#N/A",Construction,false,"#N/A",Eazzy,"#N/A","#N/A",1.614.757.5000,false,false,"#N/A",Never,false,true,"#N/A",Contract Based,Same,No,"#N/A","#N/A","#N/A","#N/A","#N/A","#N/A","#N/A","#N/A","#N/A","#N/A","#N/A",Prospect,"#N/A","#N/A","#N/A","#N/A","#N/A","#N/A",false,false,false,"#N/A",false,false,"#N/A"
1ce346b0-a680-4ab6-b39d-7fcd6f848b55,"#N/A","#N/A",Toronto,Canada,accounting@globalmedia.com,"#N/A","#N/A","#N/A",L4B 1Y3,Ontario,150 Chestnut Street,2.0,"GBM is the worldwide leader in technology news and information on the Web and the producer of the longest-running and farthest-reaching television shows about technology. GBM's network of sites combines breakthrough interactive technology with engaging content and design and is consistently ranked as the Internet's leading content network in terms of both audience size and revenue, serving millions of users each day. The company's television programming is broadcast by the USA Network and the Sci-Fi Channel to more than 70 million households and is syndicated to broadcast television stations in the nation's top 120 markets, including the top 10 markets.","#N/A",Corporate Office,false,"#N/A",Global Media,14668,"#N/A",(905) 555-1212,false,false,"#N/A","#N/A",false,false,"#N/A","#N/A","#N/A","#N/A",Toronto,Canada,"#N/A","#N/A","#N/A",L4B 1Y3,Ontario,150 Chestnut Street,"#N/A",12-3456789,"#N/A",Prospect,"#N/A","#N/A","#N/A","#N/A","#N/A","#N/A",false,false,false,"#N/A",false,false,"#N/A"
1e868e4b-233e-4565-b5c2-9d643ab5aa8e,"#N/A",7.20606185E8,Cranbourne East,Australia,"#N/A","#N/A","#N/A","#N/A",3977,VIC,7 Dartmoor Dr,"#N/A",Milliways is the leader in Engineering in Cranbourne East,"#N/A",Engineering,false,"#N/A",Tavu,"#N/A","#N/A",(03) 6820 8401,false,false,"#N/A",Never,false,true,"#N/A",Contract Based,Same,No,Cranbourne East,Australia,"#N/A","#N/A","#N/A",3977,VIC,7 Dartmoor Dr,"#N/A","#N/A","#N/A",Prospect,"#N/A","#N/A","#N/A","#N/A","#N/A","#N/A",false,false,false,"#N/A",false,false,"#N/A"
20727675-e115-4131-ab7c-b2cbab7e1aa3,"#N/A",4.8213E11,Bentonville,United States,"#N/A","#N/A","#N/A","#N/A",72716-6299,AR,702 SW 8th St,"#N/A",Upward Financial Services is the leader in Financial Services in Bentonville,"#N/A",Financial Services,false,"#N/A",Photofeed,"#N/A","#N/A",1.479.273.4000,false,false,"#N/A",Never,false,true,"#N/A",Contract Based,Same,No,"#N/A","#N/A","#N/A","#N/A","#N/A","#N/A","#N/A","#N/A","#N/A","#N/A","#N/A",Prospect,"#N/A","#N/A","#N/A","#N/A","#N/A","#N/A",false,false,false,"#N/A",false,false,"#N/A"
211e1236-16bf-4dc4-926f-da196ff6fc13,"#N/A",3645701.0,Bloomington,United States,"#N/A","#N/A","#N/A","#N/A",47405,IN,2 Graceland Street,"#N/A","#N/A","#N/A",Manufacturing,false,"#N/A",Photobug,"#N/A","#N/A","#N/A",false,false,"#N/A",Never,false,true,"#N/A",Contract Based,Same,No,"#N/A","#N/A","#N/A","#N/A","#N/A","#N/A","#N/A","#N/A","#N/A","#N/A","#N/A",Prospect,"#N/A","#N/A","#N/A","#N/A","#N/A","#N/A",false,false,false,"#N/A",false,false,"#N/A"
21f5df91-bf68-4295-9c69-030f897674c6,"#N/A",9.37328603E8,Kuraby,Australia,"#N/A","#N/A","#N/A","#N/A",4112,QLD,28 Besline St,"#N/A",Leeding Engines Ltd. is the leader in Manufacturing in Kuraby,"#N/A",Manufacturing,false,"#N/A",Lazzy,"#N/A","#N/A",(07) 6674 6703,false,false,"#N/A",Never,false,true,"#N/A",Contract Based,Same,No,Kuraby,Australia,"#N/A","#N/A","#N/A",4112,QLD,28 Besline St,"#N/A","#N/A","#N/A",Customer,"#N/A","#N/A","#N/A","#N/A","#N/A","#N/A",false,false,false,"#N/A",false,false,"#N/A"
22ac0002-88f1-4b12-8438-f36a966a365c,"#N/A",1.90884E11,San Francisco,United States,"#N/A","#N/A","#N/A","#N/A",94104-5284,CA,1 Post St FL 18,"#N/A",Save the Wild is the leader in Non Profit in San Francisco,"#N/A",Non Profit,false,"#N/A",Shuffletag,"#N/A","#N/A",1.415.983.8300,false,false,"#N/A",Never,false,true,"#N/A",Contract Based,Same,No,"#N/A","#N/A","#N/A","#N/A","#N/A","#N/A","#N/A",3003 E 3rd Ave #201,"#N/A","#N/A","#N/A",Customer,"#N/A","#N/A","#N/A","#N/A","#N/A","#N/A",false,false,false,"#N/A",false,false,"#N/A"
247d1088-9aa6-45a9-a658-3481fa1f4d08,"#N/A",2.55815146E8,Annerley,Australia,"#N/A","#N/A","#N/A","#N/A",4103,QLD,10 Wingfield St,"#N/A",Chez Quis is the leader in Retail in Annerley,"#N/A",Retail,false,"#N/A",Rhycero,"#N/A","#N/A",(07) 6433 7486,false,false,"#N/A",Never,false,true,"#N/A",Contract Based,Same,No,Annerley,Australia,"#N/A","#N/A","#N/A",4103,QLD,10 Wingfield St,"#N/A","#N/A","#N/A",Customer,"#N/A","#N/A","#N/A","#N/A","#N/A","#N/A",false,false,false,"#N/A",false,false,"#N/A"
25a4fcf2-0084-4049-83f6-1a68eb7d4b73,"#N/A",4.1373E10,Springdale,United States,"#N/A","#N/A","#N/A","#N/A",72762-6901,AR,2200 W Don Tyson Pkwy,"#N/A",Newslync is the leader in Media in Springdale,"#N/A",Media,false,"#N/A",Meevee,"#N/A","#N/A",1.479.290.4000,false,false,"#N/A",Never,false,true,"#N/A",Contract Based,Same,No,Springdale,US,"#N/A","#N/A","#N/A",72765-2020,AR,P.O. BOX 2020,"#N/A","#N/A","#N/A",Customer,"#N/A","#N/A","#N/A","#N/A","#N/A","#N/A",false,false,false,"#N/A",false,false,"#N/A"
25ff9e41-e15c-47e5-a62d-94c9d2dc0313,"#N/A",2.1153104E7,Houston,United States,"#N/A","#N/A","#N/A","#N/A",77228,TX,2591 Vidon Court,"#N/A","#N/A","#N/A",Manufacturing,false,"#N/A",Quatz,"#N/A","#N/A","#N/A",false,false,"#N/A",Never,false,true,"#N/A",Contract Based,Same,No,"#N/A","#N/A","#N/A","#N/A","#N/A","#N/A","#N/A","#N/A","#N/A","#N/A","#N/A",Prospect,"#N/A","#N/A","#N/A","#N/A","#N/A","#N/A",false,false,false,"#N/A",false,false,"#N/A"
270b37b1-7cc3-4af6-8cc7-f4c2087fcaca,"#N/A",7.0074E10,New Brunswick,United States,"#N/A","#N/A","#N/A","#N/A",08933-0002,NJ,1 Johnson and Johnson Plz,"#N/A",Budgetworks is the leader in Financial Services in New Brunswick,"#N/A",Financial Services,false,"#N/A",Blognation,"#N/A","#N/A",1.732.524.0400,false,false,"#N/A",Never,false,true,"#N/A",Contract Based,Same,No,Neenah,US,"#N/A","#N/A","#N/A",54957-0767,WI,P.O. BOX 767,"#N/A","#N/A","#N/A",Customer,"#N/A","#N/A","#N/A","#N/A","#N/A","#N/A",false,false,false,"#N/A",false,false,"#N/A"
27b01dcc-8ec0-421b-b2b8-17557c258b7b,"#N/A","#N/A","#N/A","#N/A",ap@sixflags.com,"#N/A","#N/A","#N/A","#N/A",TX,"#N/A",26.0,"#N/A","#N/A",Entertainment,false,"#N/A",Six Flags Entertainment,"#N/A","#N/A","#N/A",false,false,"#N/A",Never,false,true,"#N/A",Contract Based,Same,No,"#N/A","#N/A","#N/A","#N/A","#N/A","#N/A","#N/A","#N/A","#N/A",12-3456789,"#N/A",Prospect,"#N/A","#N/A","#N/A","#N/A","#N/A","#N/A",false,false,false,"#N/A",false,false,"#N/A"
27e64839-e66a-46b6-9f94-9774cac25a94,"#N/A","#N/A","#N/A","#N/A",accounting@saintmarys.edu,"#N/A","#N/A","#N/A","#N/A",IN,"#N/A",1.0,"#N/A","#N/A",Education,false,"#N/A",Saint Mary's College,350,"#N/A","#N/A",false,false,"#N/A",Never,false,true,"#N/A",Contract Based,Same,No,"#N/A","#N/A","#N/A","#N/A","#N/A","#N/A","#N/A","#N/A","#N/A",12-3456789,"#N/A",Customer,"#N/A","#N/A","#N/A","#N/A","#N/A","#N/A",false,false,false,"#N/A",false,false,"#N/A"
2a7076e4-c368-444e-bbfd-90175d44adf6,"#N/A","#N/A","#N/A","#N/A",ap@mcdonalds.com.invalid.invalid,"#N/A","#N/A","#N/A","#N/A","#N/A","#N/A",2636.0,"#N/A","#N/A",Restaurant,false,"#N/A",McDonalds,205000,"#N/A","#N/A",false,false,"#N/A",Never,false,true,"#N/A",Contract Based,Same,No,"#N/A","#N/A","#N/A","#N/A","#N/A","#N/A","#N/A","#N/A","#N/A",62-0234622,"#N/A",Prospect,"#N/A","#N/A","#N/A","#N/A","#N/A","#N/A",false,false,false,"#N/A",false,false,"#N/A"
2c32c08a-89bf-4cb0-8e5f-6e10b656e4c0,"#N/A",2.38658603E8,Redcliffe,Australia,"#N/A","#N/A","#N/A","#N/A",4020,QLD,5/19-21 Shields St,"#N/A",Matt Stecklein Hospital is the leader in Healthcare in Redcliffe,"#N/A",Healthcare,false,"#N/A",Omba,"#N/A","#N/A",(07) 7859 6584,false,false,"#N/A",Never,false,true,"#N/A",Contract Based,Same,No,Redcliffe,Australia,"#N/A","#N/A","#N/A",4020,QLD,5/19-21 Shields St,"#N/A","#N/A","#N/A",Customer,"#N/A","#N/A","#N/A","#N/A","#N/A","#N/A",false,false,false,"#N/A",false,false,"#N/A"
2c95f50b-3f16-4348-a6b8-7c4a59bc1fea,"#N/A",4.33338781E8,Docklands,Australia,"#N/A","#N/A","#N/A","#N/A",3008,VIC,50 Kerra Way,"#N/A",Gizmonic Institute is the leader in Media in Docklands,"#N/A",Media,false,"#N/A",Ooba,"#N/A","#N/A",(03) 6257 7887,false,false,"#N/A",Never,false,true,"#N/A",Contract Based,Same,No,Docklands,Australia,"#N/A","#N/A","#N/A",3008,VIC,50 Kerra Way,"#N/A","#N/A","#N/A",Customer,"#N/A","#N/A","#N/A","#N/A","#N/A","#N/A",false,false,false,"#N/A",false,false,"#N/A"
2f310137-b999-47c7-8260-46ca9141799d,"#N/A",4.2451628E8,Kensington,Australia,"#N/A","#N/A","#N/A","#N/A",1465,NSW,4/81 Doncaster Av,"#N/A",Sample Company is the leader in Media in Kensington,"#N/A",Media,false,"#N/A",Kanoodle,"#N/A","#N/A",(02) 7112 6523,false,false,"#N/A",Never,false,true,"#N/A",Contract Based,Same,No,Kensington,Australia,"#N/A","#N/A","#N/A",1465,NSW,4/81 Doncaster Av,"#N/A","#N/A","#N/A",Customer,"#N/A","#N/A","#N/A","#N/A","#N/A","#N/A",false,false,false,"#N/A",false,false,"#N/A"
2ff52f37-1249-475e-a895-b19f920df48d,"#N/A",4.4294E10,Atlanta,United States,"#N/A","#N/A","#N/A","#N/A",30313-2499,GA,1 Coca Cola Plz NW,"#N/A",Transworld Consortium is the leader in Energy in Atlanta,"#N/A",Energy,false,"#N/A",Thoughtmix,"#N/A","#N/A",1.404.676.2121,false,false,"#N/A",Never,false,true,"#N/A",Contract Based,Same,No,Atlanta,US,"#N/A","#N/A","#N/A",30301-1734,GA,P.O. BOX 1734,"#N/A","#N/A","#N/A",Customer,"#N/A","#N/A","#N/A","#N/A","#N/A","#N/A",false,false,false,"#N/A",false,false,"#N/A"
314264a6-fd77-4011-998e-3512f42923a2,"#N/A",6.52105621E8,Bavaria,Germany,"#N/A","#N/A","#N/A","#N/A","#N/A",Essen,45131 Brüsseler Platz,"#N/A",Tessier-Ashpool is the leader in Government in Bavaria,"#N/A",Government,false,"#N/A",Eidel,"#N/A","#N/A","#N/A",false,false,"#N/A",Never,false,true,"#N/A",Contract Based,Same,No,"#N/A","#N/A","#N/A","#N/A","#N/A","#N/A","#N/A","#N/A","#N/A","#N/A","#N/A",Customer,"#N/A","#N/A","#N/A","#N/A","#N/A","#N/A",false,false,false,"#N/A",false,false,"#N/A"
32318831-87a6-443e-a5d3-0be0f70715bf,"#N/A",6574015.0,Danbury,United States,"#N/A","#N/A","#N/A","#N/A",6816,CT,5898 Superior Street,"#N/A","#N/A","#N/A",Insurance,false,"#N/A",Thoughtblab,"#N/A","#N/A","#N/A",false,false,"#N/A",Never,false,true,"#N/A",Contract Based,Same,No,"#N/A","#N/A","#N/A","#N/A","#N/A","#N/A","#N/A","#N/A","#N/A","#N/A","#N/A",Prospect,"#N/A","#N/A","#N/A","#N/A","#N/A","#N/A",false,false,false,"#N/A",false,false,"#N/A"
34d703b2-644f-4ae5-ad68-4cc1488b4a35,"#N/A",1.78663741E8,Canley Vale,Australia,"#N/A","#N/A","#N/A","#N/A",2166,NSW,66 Beckenham St,"#N/A",Mr. Sparkle is the leader in Consulting in Canley Vale,"#N/A",Consulting,false,"#N/A",Trudoo,"#N/A","#N/A",(02) 6548 7709,false,false,"#N/A",Never,false,true,"#N/A",Contract Based,Same,No,Canley Vale,Australia,"#N/A","#N/A","#N/A",2166,NSW,66 Beckenham St,"#N/A","#N/A","#N/A",Customer,"#N/A","#N/A","#N/A","#N/A","#N/A","#N/A",false,false,false,"#N/A",false,false,"#N/A"
36c5d3d6-4ad6-45ad-94d3-1f5befffcee4,"#N/A","#N/A","#N/A","#N/A",billing@amc.com,"#N/A","#N/A","#N/A","#N/A","#N/A","#N/A",978.0,"#N/A","#N/A",Entertainment,false,"#N/A",AMC Entertainment,4408,"#N/A","#N/A",false,false,"#N/A",Never,false,true,"#N/A",Contract Based,Same,No,"#N/A","#N/A","#N/A","#N/A","#N/A","#N/A","#N/A","#N/A","#N/A",12-3456789,"#N/A",Customer,"#N/A","#N/A","#N/A","#N/A","#N/A","#N/A",false,false,false,"#N/A",false,false,"#N/A"
37a3dd1e-12e9-4541-b68a-b6b6fe5afb37,"#N/A","#N/A",Broomfield,USA,"#N/A","#N/A","#N/A","#N/A",80020,Colorado,1234 Hilltop Road,"#N/A",Adams Household is the leader in Healthcare in Broomfield,"#N/A",Healthcare,false,"#N/A",Gabtune,"#N/A","#N/A",(720) 562-5896,false,false,"#N/A",Never,false,true,"#N/A",Contract Based,Same,No,"#N/A","#N/A","#N/A","#N/A","#N/A","#N/A","#N/A","#N/A","#N/A","#N/A","#N/A",Prospect,"#N/A","#N/A","#N/A","#N/A","#N/A","#N/A",false,false,false,"#N/A",false,false,"#N/A"
3990f0e4-1e05-46e1-b0b6-b0e10e24f648,"#N/A",4.12752795E8,Avoca Beach,Australia,"#N/A","#N/A","#N/A","#N/A",2251,NSW,18 Hillside Rd,"#N/A",CL North is the leader in Healthcare in Avoca Beach,"#N/A",Healthcare,false,"#N/A",Photolist,"#N/A","#N/A",(02) 7233 8627,false,false,"#N/A",Never,false,true,"#N/A",Contract Based,Same,No,Avoca Beach,Australia,"#N/A","#N/A","#N/A",2251,NSW,18 Hillside Rd,"#N/A","#N/A","#N/A",Customer,"#N/A","#N/A","#N/A","#N/A","#N/A","#N/A",false,false,false,"#N/A",false,false,"#N/A"
3d3f330c-ae35-400b-8475-4b38e155fb70,"#N/A",4.77757321E8,Sydney,Australia,"#N/A","#N/A","#N/A","#N/A",2000,NSW,200 George Street,"#N/A",Corellian Engineering Corporation is the leader in Machinery in Sydney,"#N/A",Machinery,false,"#N/A",Zoombox,"#N/A","#N/A",(02) 8858 6163,false,false,"#N/A",Never,false,true,"#N/A",Contract Based,Same,No,Sydney,Australia,"#N/A","#N/A","#N/A",2000,NSW,200 George Street,"#N/A","#N/A","#N/A",Customer,"#N/A","#N/A","#N/A","#N/A","#N/A","#N/A",false,false,false,"#N/A",false,false,"#N/A"
3dc00574-7e1b-48aa-a7c6-c079ea8af676,"#N/A","#N/A","#N/A","#N/A","#N/A","#N/A","#N/A","#N/A","#N/A","#N/A","#N/A","#N/A","#N/A","#N/A","#N/A",false,"#N/A",New Account,"#N/A","#N/A","#N/A",false,false,"#N/A",Never,false,true,"#N/A",Contract Based,Same,No,"#N/A","#N/A","#N/A","#N/A","#N/A","#N/A","#N/A","#N/A","#N/A","#N/A","#N/A","#N/A","#N/A","#N/A","#N/A","#N/A","#N/A","#N/A",false,false,false,"#N/A",false,false,"#N/A"
3f1a6cac-daf2-4dc5-8550-87a5ded4e8b3,"#N/A",4.9892102E7,Balgowlah,Australia,"#N/A","#N/A","#N/A","#N/A",2093,NSW,2/11 Boyle St,"#N/A",Smith and Co. is the leader in Transportation in Balgowlah,"#N/A",Transportation,false,"#N/A",Kimia,"#N/A","#N/A",(02) 6512 8801,false,false,"#N/A",Never,false,true,"#N/A",Contract Based,Same,No,Balgowlah,Australia,"#N/A","#N/A","#N/A",2093,NSW,2/11 Boyle St,"#N/A","#N/A","#N/A",Customer,"#N/A","#N/A","#N/A","#N/A","#N/A","#N/A",false,false,false,"#N/A",false,false,"#N/A"
3fe3a1ea-4a97-4f9b-abaf-906c1012f692,"#N/A",8.9244318E7,Middlesex,United Kingdom,"#N/A","#N/A","#N/A","#N/A","#N/A",London,980 Great West Road,"#N/A",TF South is the leader in Healthcare in Middlesex,"#N/A",Healthcare,false,"#N/A",Chatterpoint,"#N/A","#N/A","#N/A",false,false,"#N/A",Never,false,true,"#N/A",Contract Based,Same,No,"#N/A","#N/A","#N/A","#N/A","#N/A","#N/A","#N/A","#N/A","#N/A","#N/A","#N/A",Customer,"#N/A","#N/A","#N/A","#N/A","#N/A","#N/A",false,false,false,"#N/A",false,false,"#N/A"
40e6ab42-215a-4b5e-8118-cbdab6abb7b4,"#N/A",4.3025852E10,Irvine,United States,"#N/A","#N/A","#N/A","#N/A",92612-0697,CA,3351 Michelson Dr Ste 100,"#N/A",Abilitech Software Solutions is the leader in Technology in Irvine,"#N/A",Technology,false,"#N/A",Kwimbee,"#N/A","#N/A",1.714.566.1000,false,false,"#N/A",Never,false,true,"#N/A",Contract Based,Same,No,"#N/A","#N/A","#N/A","#N/A","#N/A","#N/A","#N/A",3351 Michelson Dr Ste 100,"#N/A","#N/A","#N/A",Customer,"#N/A","#N/A","#N/A","#N/A","#N/A","#N/A",false,false,false,"#N/A",false,false,"#N/A"
418c949b-ea25-4fe2-8030-b99a7ffc3148,"#N/A",3.4441E10,New York,United States,"#N/A","#N/A","#N/A","#N/A",10285-0002,NY,200 Vesey St,"#N/A",Walken Group is the leader in Consumer Goods in New York,"#N/A",Consumer Goods,false,"#N/A",JumpXS,"#N/A","#N/A",1.212.640.2000,false,false,"#N/A",Never,false,true,"#N/A",Contract Based,Same,No,"#N/A","#N/A","#N/A","#N/A","#N/A","#N/A","#N/A","#N/A","#N/A","#N/A","#N/A",Prospect,"#N/A","#N/A","#N/A","#N/A","#N/A","#N/A",false,false,false,"#N/A",false,false,"#N/A"
41ced3db-fa89-41e3-acd2-3029d4f2abc6,"#N/A",2.89485471E8,Ballarat Central,Australia,"#N/A","#N/A","#N/A","#N/A",3350,VIC,50 Loch Av,"#N/A",Incom Corporation is the leader in Manufacturing in Ballarat Central,"#N/A",Manufacturing,false,"#N/A",Realbridge,"#N/A","#N/A",(03) 8300 7460,false,false,"#N/A",Never,false,true,"#N/A",Contract Based,Same,No,Ballarat Central,Australia,"#N/A","#N/A","#N/A",3350,VIC,50 Loch Av,"#N/A","#N/A","#N/A",Prospect,"#N/A","#N/A","#N/A","#N/A","#N/A","#N/A",false,false,false,"#N/A",false,false,"#N/A"
421cf208-9c5a-4ad6-9d92-dbd8372c9beb,"#N/A","#N/A","#N/A","#N/A",ap@hyatt.com.invalid.invalid,"#N/A","#N/A","#N/A","#N/A","#N/A","#N/A",518.0,"#N/A","#N/A",Hospitality,false,"#N/A",Hyatt Hotels Corporation,100000,"#N/A","#N/A",false,false,"#N/A",Never,false,true,"#N/A",Contract Based,Same,No,"#N/A","#N/A","#N/A","#N/A","#N/A","#N/A","#N/A","#N/A","#N/A",82-1533604,"#N/A",Prospect,"#N/A","#N/A","#N/A","#N/A","#N/A","#N/A",false,false,false,"#N/A",false,false,"#N/A"
43ee773b-2a37-4680-9cac-fee194db2247,"#N/A",9351157.0,Lafayette,United States,"#N/A","#N/A","#N/A","#N/A",47905,IN,0526 Hauk Plaza,"#N/A","#N/A","#N/A",Energy,false,"#N/A",Thoughtsphere,"#N/A","#N/A","#N/A",false,false,"#N/A",Never,false,true,"#N/A",Contract Based,Same,No,"#N/A","#N/A","#N/A","#N/A","#N/A","#N/A","#N/A","#N/A","#N/A","#N/A","#N/A",Prospect,"#N/A","#N/A","#N/A","#N/A","#N/A","#N/A",false,false,false,"#N/A",false,false,"#N/A"
44cc964b-37ca-4b91-a2a1-5a53d97b818d,"#N/A",5.85033103E8,Hunters Hill,Australia,"#N/A","#N/A","#N/A","#N/A",2110,NSW,6/10 Mount St,"#N/A",CG South is the leader in Healthcare in Hunters Hill,"#N/A",Healthcare,false,"#N/A",Jabberstorm,"#N/A","#N/A",(02) 6279 8265,false,false,"#N/A",Never,false,true,"#N/A",Contract Based,Same,No,Hunters Hill,Australia,"#N/A","#N/A","#N/A",2110,NSW,6/10 Mount St,"#N/A","#N/A","#N/A",Customer,"#N/A","#N/A","#N/A","#N/A","#N/A","#N/A",false,false,false,"#N/A",false,false,"#N/A"
46392fe0-43c2-4309-8075-abcfe34f77dd,"#N/A",2.9636E10,Deerfield,United States,"#N/A","#N/A","#N/A","#N/A",60015-2565,IL,3 Parkway N Ste 300,"#N/A",SWD Logistics is the leader in Transportation in Deerfield,"#N/A",Transportation,false,"#N/A",Dynava,"#N/A","#N/A",1.847.943.4000,false,false,"#N/A",Never,false,true,"#N/A",Contract Based,Same,No,"#N/A","#N/A","#N/A","#N/A","#N/A","#N/A","#N/A",23 Lundy Av,"#N/A","#N/A","#N/A",Prospect,"#N/A","#N/A","#N/A","#N/A","#N/A","#N/A",false,false,false,"#N/A",false,false,"#N/A"
46dc0e17-2fdf-4a1a-a526-489af4196d78,"#N/A",2.21928169E8,Kingsgrove,Australia,"#N/A","#N/A","#N/A","#N/A",1480,NSW,23 Lundy Av,"#N/A",Spacely Sprockets is the leader in Technology in Kingsgrove,"#N/A",Technology,false,"#N/A",Aibox,"#N/A","#N/A",(02) 6082 8265,false,false,"#N/A",Never,false,true,"#N/A",Contract Based,Same,No,Kingsgrove,Australia,"#N/A","#N/A","#N/A",1480,NSW,23 Lundy Av,"#N/A","#N/A","#N/A",Customer,"#N/A","#N/A","#N/A","#N/A","#N/A","#N/A",false,false,false,"#N/A",false,false,"#N/A"
47fcf59d-fdc1-49c9-9b47-e586f07392f4,"#N/A",3.7179E10,Milwaukee,United States,"#N/A","#N/A","#N/A","#N/A",53209-4408,WI,5757 N Green Bay Ave,"#N/A",General Forge and Foundry is the leader in Machinery in Milwaukee,"#N/A",Machinery,false,"#N/A",Voomm,"#N/A","#N/A",1.414.524.1200,false,false,"#N/A",Never,false,true,"#N/A",Contract Based,Same,No,Milwaukee,US,"#N/A","#N/A","#N/A",53201-0591,WI,P.O. BOX 591,"#N/A","#N/A","#N/A",Prospect,"#N/A","#N/A","#N/A","#N/A","#N/A","#N/A",false,false,false,"#N/A",false,false,"#N/A"
4969f16b-4b21-4e17-9c7b-985ba4b65d17,"#N/A",1.17386E11,Fairfield,United States,"#N/A","#N/A","#N/A","#N/A",06828-0001,CT,3135 Easton Tpke,"#N/A","Signal Processing, LLC is the leader in Technology in Fairfield","#N/A",Technology,false,"#N/A",Vitz,"#N/A","#N/A",1.203.373.2211,false,false,"#N/A",Never,false,true,"#N/A",Contract Based,Same,No,"#N/A","#N/A","#N/A","#N/A","#N/A","#N/A","#N/A","#N/A","#N/A","#N/A","#N/A",Customer,"#N/A","#N/A","#N/A","#N/A","#N/A","#N/A",false,false,false,"#N/A",false,false,"#N/A"
4a668bb9-43bc-4fae-b527-0ffa1a82a9ca,"#N/A",7.70881668E8,Melbourne,Australia,"#N/A","#N/A","#N/A","#N/A",3000,VIC,45 Spring Street,"#N/A",Globo Gym American Corp is the leader in Hospitality in Melbourne,"#N/A",Hospitality,false,"#N/A",Devcast,"#N/A","#N/A",(03) 8426 7995,false,false,"#N/A",Never,false,true,"#N/A",Contract Based,Same,No,Melbourne,Australia,"#N/A","#N/A","#N/A",3000,VIC,45 Spring Street,"#N/A","#N/A","#N/A",Customer,"#N/A","#N/A","#N/A","#N/A","#N/A","#N/A",false,false,false,"#N/A",false,false,"#N/A"
4b16704d-0d81-49cf-9c3b-c3ff562816c8,"#N/A",3.0935E10,Houston,United States,"#N/A","#N/A","#N/A","#N/A",77079-1100,TX,600 N Dairy Ashford Rd,"#N/A","Optimetrics, LLC is the leader in Technology in Houston","#N/A",Technology,false,"#N/A",Browsebug,"#N/A","#N/A",1.281.293.1000,false,false,"#N/A",Never,false,true,"#N/A",Contract Based,Same,No,Houston,US,"#N/A","#N/A","#N/A",77252-2197,TX,P.O. BOX 2197,"#N/A","#N/A","#N/A",Customer,"#N/A","#N/A","#N/A","#N/A","#N/A","#N/A",false,false,false,"#N/A",false,false,"#N/A"
4b26157c-f141-4e69-ad62-d5ae1bdd427c,"#N/A","#N/A",Broomfield,USA,"#N/A","#N/A","#N/A","#N/A",80020,Colorado,1234 Hilltop Road,"#N/A",Rachel Adams is the leader in Healthcare in Broomfield,"#N/A",Healthcare,false,"#N/A",Vimbo,"#N/A","#N/A","#N/A",false,false,"#N/A",Never,false,true,"#N/A",Contract Based,Same,No,"#N/A","#N/A","#N/A","#N/A","#N/A","#N/A","#N/A","#N/A","#N/A","#N/A","#N/A",Prospect,"#N/A","#N/A","#N/A","#N/A","#N/A","#N/A",false,false,false,"#N/A",false,false,"#N/A"
4c977df6-a577-4345-a950-1566d8643f5c,"#N/A",7.6279E10,Cincinnati,United States,"#N/A","#N/A","#N/A","#N/A",45202-3393,OH,1 Procter and Gamble Plz,"#N/A",ADM Goods is the leader in Consumer Goods in Cincinnati,"#N/A",Consumer Goods,false,"#N/A",Voonix,"#N/A","#N/A",1.513.983.1100,false,false,"#N/A",Never,false,true,"#N/A",Contract Based,Same,No,Cincinnati,US,"#N/A","#N/A","#N/A",45201-0599,OH,P.O. BOX 599,"#N/A","#N/A","#N/A",Customer,"#N/A","#N/A","#N/A","#N/A","#N/A","#N/A",false,false,false,"#N/A",false,false,"#N/A"
4d40eb4d-45c1-49fd-84f6-bfdd43493602,"#N/A",1.38477E11,San Ramon,United States,"#N/A","#N/A","#N/A","#N/A",94583-2324,CA,6001 Bollinger Canyon Rd,"#N/A",Audioshore is the leader in Technology in San Ramon,"#N/A",Technology,false,"#N/A",Noba,"#N/A","#N/A",1.925.842.1000,false,false,"#N/A",Never,false,true,"#N/A",Contract Based,Same,No,"#N/A","#N/A","#N/A","#N/A","#N/A","#N/A","#N/A","#N/A","#N/A","#N/A","#N/A",Customer,"#N/A","#N/A","#N/A","#N/A","#N/A","#N/A",false,false,false,"#N/A",false,false,"#N/A"
4e4cae8f-5b72-4eb3-8fc5-549bd382a0ac,"#N/A",2.3152E10,Houston,United States,"#N/A","#N/A","#N/A","#N/A",77002-4101,TX,333 Clay St Ste 1600,"#N/A",Wentworth Industries is the leader in Engineering in Houston,"#N/A",Engineering,false,"#N/A",Myworks,"#N/A","#N/A",1.713.646.4100,false,false,"#N/A",Never,false,true,"#N/A",Contract Based,Same,No,"#N/A","#N/A","#N/A","#N/A","#N/A","#N/A","#N/A","#N/A","#N/A","#N/A","#N/A",Customer,"#N/A","#N/A","#N/A","#N/A","#N/A","#N/A",false,false,false,"#N/A",false,false,"#N/A"
51479c9e-42b1-4225-999e-1a4b7ebc2ca6,"#N/A",3.46761E10,New York,United States,"#N/A","#N/A","#N/A","#N/A",10017-4108,NY,708 3rd Ave Rm 1500,"#N/A",First Response Relief Services is the leader in Non Profit in New York,"#N/A",Non Profit,false,"#N/A",Browsetype,"#N/A","#N/A",1.212.485.3500,false,false,"#N/A",Never,false,true,"#N/A",Contract Based,Same,No,"#N/A","#N/A","#N/A","#N/A","#N/A","#N/A","#N/A",708 3rd Ave Rm 1500,"#N/A","#N/A","#N/A",Customer,"#N/A","#N/A","#N/A","#N/A","#N/A","#N/A",false,false,false,"#N/A",false,false,"#N/A"
52516775-19a4-4286-88a4-fcf68409a07d,"#N/A",6.30331409E8,Berlin,Germany,"#N/A","#N/A","#N/A","#N/A","#N/A",Berlin,Friedrich-Ebert-Allee 140,"#N/A",Tara Shea Micko Hospital is the leader in Healthcare in Berlin,"#N/A",Healthcare,false,"#N/A",Yozio,"#N/A","#N/A","#N/A",false,false,"#N/A",Never,false,true,"#N/A",Contract Based,Same,No,"#N/A","#N/A","#N/A","#N/A","#N/A","#N/A","#N/A","#N/A","#N/A","#N/A","#N/A",Customer,"#N/A","#N/A","#N/A","#N/A","#N/A","#N/A",false,false,false,"#N/A",false,false,"#N/A"
532f6da7-4f77-4142-b67b-99eacd55b247,"#N/A",1.4139579037E10,New York,United States,"#N/A","#N/A","#N/A","#N/A",10010-1655,NY,51 Madison Ave Bsmt 1b,"#N/A",Athena Theraputics is the leader in Healthcare in New York,"#N/A",Healthcare,false,"#N/A",Skimia,"#N/A","#N/A",1.212.576.7000,false,false,"#N/A",Never,false,true,"#N/A",Contract Based,Same,No,"#N/A","#N/A","#N/A","#N/A","#N/A","#N/A","#N/A","#N/A","#N/A","#N/A","#N/A",Prospect,"#N/A","#N/A","#N/A","#N/A","#N/A","#N/A",false,false,false,"#N/A",false,false,"#N/A"
539776de-b237-499e-b83b-95865104429f,"#N/A",7.76395463E8,Tokyo,Japan,"#N/A","#N/A","#N/A","#N/A","#N/A","#N/A",1-7-1 Konan Minato-ku,"#N/A",Wernham Hogg is the leader in Telecommunications,"#N/A",Telecommunications,false,"#N/A",Browsedrive,"#N/A","#N/A","#N/A",false,false,"#N/A",Never,false,true,"#N/A",Contract Based,Same,No,"#N/A","#N/A","#N/A","#N/A","#N/A","#N/A","#N/A",4 Riverside Rd,"#N/A","#N/A","#N/A",Customer,"#N/A","#N/A","#N/A","#N/A","#N/A","#N/A",false,false,false,"#N/A",false,false,"#N/A"
542e253a-f660-492b-9548-ed44a05c82d4,"#N/A",2.35005519E8,Cecil Hills,Australia,"#N/A","#N/A","#N/A","#N/A",2171,NSW,19 Airlie Cr,"#N/A",NC North is the leader in Healthcare in Cecil Hills,"#N/A",Healthcare,false,"#N/A",Thoughtworks,"#N/A","#N/A",(02) 8210 6814,false,false,"#N/A",Never,false,true,"#N/A",Contract Based,Same,No,Cecil Hills,Australia,"#N/A","#N/A","#N/A",2171,NSW,19 Airlie Cr,"#N/A","#N/A","#N/A",Customer,"#N/A","#N/A","#N/A","#N/A","#N/A","#N/A",false,false,false,"#N/A",false,false,"#N/A"
5600bd06-ef6c-4b83-b49f-fdf7fe90be23,"#N/A",8.8519E10,Atlanta,United States,"#N/A","#N/A","#N/A","#N/A",30339-1834,GA,2455 Paces Ferry Rd SE,"#N/A","Cashless Systems, Inc. is the leader in Services in Atlanta","#N/A",Services,false,"#N/A",Edgeclub,"#N/A","#N/A",1.770.433.8211,false,false,"#N/A",Never,false,true,"#N/A",Contract Based,Same,No,Atlanta,US,"#N/A","#N/A","#N/A",30348-5715,GA,P.O. BOX 105715,"#N/A","#N/A","#N/A",Customer,"#N/A","#N/A","#N/A","#N/A","#N/A","#N/A",false,false,false,"#N/A",false,false,"#N/A"
574bb3db-c7b9-421a-aef7-a150164bb79a,"#N/A",3317099.0,Houston,United States,"#N/A","#N/A","#N/A","#N/A",77240,TX,6051 Northridge Park,"#N/A","#N/A","#N/A",Consulting,false,"#N/A",Gevee,"#N/A","#N/A","#N/A",false,false,"#N/A",Never,false,true,"#N/A",Contract Based,Same,No,"#N/A","#N/A","#N/A","#N/A","#N/A","#N/A","#N/A","#N/A","#N/A","#N/A","#N/A",Prospect,"#N/A","#N/A","#N/A","#N/A","#N/A","#N/A",false,false,false,"#N/A",false,false,"#N/A"
57c3bc97-15a9-49f2-99ae-9f41028557f2,"#N/A",1.89091733E8,Riverview,Australia,"#N/A","#N/A","#N/A","#N/A",2066,NSW,28a College Rd S,"#N/A",QWERTY Logistics is the leader in Manufacturing in Riverview,"#N/A",Manufacturing,false,"#N/A",Dynabox,"#N/A","#N/A",(02) 8954 8573,false,false,"#N/A",Never,false,true,"#N/A",Contract Based,Same,No,Riverview,Australia,"#N/A","#N/A","#N/A",2066,NSW,28a College Rd S,"#N/A","#N/A","#N/A",Prospect,"#N/A","#N/A","#N/A","#N/A","#N/A","#N/A",false,false,false,"#N/A",false,false,"#N/A"
58d25b10-6b32-4c74-9ae5-3fde9b4038b0,"#N/A",2.8987E10,New York,United States,"#N/A","#N/A","#N/A","#N/A",10036-8701,NY,1211 Ave of The Americas,"#N/A",Enginomics is the leader in Automotive in New York,"#N/A",Automotive,false,"#N/A",Twiyo,"#N/A","#N/A",1.212.852.7000,false,false,"#N/A",Never,false,true,"#N/A",Contract Based,Same,No,"#N/A","#N/A","#N/A","#N/A","#N/A","#N/A","#N/A",178 Campbell Parade,"#N/A","#N/A","#N/A",Customer,"#N/A","#N/A","#N/A","#N/A","#N/A","#N/A",false,false,false,"#N/A",false,false,"#N/A"
5a007060-bdbc-4572-b820-f98583f8e726,"#N/A",3.9528E10,Richfield,United States,"#N/A","#N/A","#N/A","#N/A",55423-3683,MN,7601 Penn Ave S,"#N/A","Kustodial Services, LLC is the leader in Services in Richfield","#N/A",Services,false,"#N/A",Avaveo,"#N/A","#N/A",1.612.291.1000,false,false,"#N/A",Never,false,true,"#N/A",Contract Based,Same,No,"#N/A","#N/A","#N/A","#N/A","#N/A","#N/A","#N/A","#N/A","#N/A","#N/A","#N/A",Customer,"#N/A","#N/A","#N/A","#N/A","#N/A","#N/A",false,false,false,"#N/A",false,false,"#N/A"
5a811a0a-0ab6-47ca-b292-26a14342884c,"#N/A",3308479.0,Sioux City,United States,"#N/A","#N/A","#N/A","#N/A",51105,OH,574 Duke Circle,"#N/A","#N/A","#N/A",Financial Services,false,"#N/A",Blogspan,"#N/A","#N/A","#N/A",false,false,"#N/A",Never,false,true,"#N/A",Contract Based,Same,No,"#N/A","#N/A","#N/A","#N/A","#N/A","#N/A","#N/A","#N/A","#N/A","#N/A","#N/A",Prospect,"#N/A","#N/A","#N/A","#N/A","#N/A","#N/A",false,false,false,"#N/A",false,false,"#N/A"
5b0d4a19-b301-45a3-84bc-cc16b7577e01,"#N/A",3.0601E10,Beaverton,United States,"#N/A","#N/A","#N/A","#N/A",97005-0979,OR,1 SW Bowerman Dr,"#N/A",Gadgetron is the leader in Technology in Beaverton,"#N/A",Technology,false,"#N/A",Topicshots,"#N/A","#N/A",1.503.671.6453,false,false,"#N/A",Never,false,true,"#N/A",Contract Based,Same,No,"#N/A","#N/A","#N/A","#N/A","#N/A","#N/A","#N/A","#N/A","#N/A","#N/A","#N/A",Prospect,"#N/A","#N/A","#N/A","#N/A","#N/A","#N/A",false,false,false,"#N/A",false,false,"#N/A"
5bbf9a70-e371-425d-9ef5-8055041efc91,"#N/A",5.29570951E8,Ballan,Australia,"#N/A","#N/A","#N/A","#N/A",3342,VIC,18 McMahon Dr,"#N/A",Minuteman Cafe is the leader in Apparel in Ballan,"#N/A",Apparel,false,"#N/A",Agimba,"#N/A","#N/A",(03) 8664 6673,false,false,"#N/A",Never,false,true,"#N/A",Contract Based,Same,No,Ballan,Australia,"#N/A","#N/A","#N/A",3342,VIC,18 McMahon Dr,"#N/A","#N/A","#N/A",Customer,"#N/A","#N/A","#N/A","#N/A","#N/A","#N/A",false,false,false,"#N/A",false,false,"#N/A"
5c876667-c6da-4abe-a4ba-d570681b2ea6,"#N/A",7.20606185E8,Turin,Italy,"#N/A","#N/A","#N/A","#N/A","#N/A",Turin,"Via Nizza, 250","#N/A",TF North is the leader in Healthcare in Turin,"#N/A",Healthcare,false,"#N/A",Realcube,"#N/A","#N/A","#N/A",false,false,"#N/A",Never,false,true,"#N/A",Contract Based,Same,No,"#N/A","#N/A","#N/A","#N/A","#N/A","#N/A","#N/A","#N/A","#N/A","#N/A","#N/A",Customer,"#N/A","#N/A","#N/A","#N/A","#N/A","#N/A",false,false,false,"#N/A",false,false,"#N/A"
5dde536a-b83e-416c-a25c-68958b403916,"#N/A",6.03365E10,Hartford,United States,"#N/A","#N/A","#N/A","#N/A",06156-0001,CT,151 Farmington Ave,"#N/A",Initrode is the leader in Energy in Hartford,"#N/A",Energy,false,"#N/A",Roomm,"#N/A","#N/A",1.860.273.0123,false,false,"#N/A",Never,false,true,"#N/A",Contract Based,Same,No,"#N/A","#N/A","#N/A","#N/A","#N/A","#N/A","#N/A","#N/A","#N/A","#N/A","#N/A",Prospect,"#N/A","#N/A","#N/A","#N/A","#N/A","#N/A",false,false,false,"#N/A",false,false,"#N/A"
5f84243d-44d8-4a9a-bd19-034d7592f04c,"#N/A",8.4202995E8,North Rhine-Westphalia,Germany,"#N/A","#N/A","#N/A","#N/A","#N/A",Leverkusen,51368 Leverkusen,"#N/A",SpringShield is the leader in Banking in North Rhine-Westphalia,"#N/A",Banking,false,"#N/A",Fanoodle,"#N/A","#N/A","#N/A",false,false,"#N/A",Never,false,true,"#N/A",Contract Based,Same,No,"#N/A","#N/A","#N/A","#N/A","#N/A","#N/A","#N/A","#N/A","#N/A","#N/A","#N/A",Prospect,"#N/A","#N/A","#N/A","#N/A","#N/A","#N/A",false,false,false,"#N/A",false,false,"#N/A"
5fda3251-58c8-4dae-a80c-f03fd7dffc1a,"#N/A","#N/A","#N/A","#N/A",ap@shakeshak.com,"#N/A","#N/A","#N/A","#N/A","#N/A","#N/A",168.0,"#N/A","#N/A",Restaurant,false,"#N/A",Shake Shack,"#N/A","#N/A","#N/A",false,false,"#N/A",Never,false,true,"#N/A",Contract Based,Same,No,"#N/A","#N/A","#N/A","#N/A","#N/A","#N/A","#N/A","#N/A","#N/A",12-3456789,"#N/A",Customer,"#N/A","#N/A","#N/A","#N/A","#N/A","#N/A",false,false,false,"#N/A",false,false,"#N/A"
6237dbf3-e4a2-49d6-83b2-bfc78fb692c0,"#N/A",1.01752E11,Saint Louis,United States,"#N/A","#N/A","#N/A","#N/A",63121-1824,MO,1 Express Way,"#N/A",Rhapsodic AG is the leader in Retail in Saint Louis,"#N/A",Retail,false,"#N/A",Zoomcast,"#N/A","#N/A",1.314.996.0900,false,false,"#N/A",Never,false,true,"#N/A",Contract Based,Same,No,"#N/A","#N/A","#N/A","#N/A","#N/A","#N/A","#N/A","#N/A","#N/A","#N/A","#N/A",Prospect,"#N/A","#N/A","#N/A","#N/A","#N/A","#N/A",false,false,false,"#N/A",false,false,"#N/A"
64167b13-bab4-4127-808e-e98811b93779,"#N/A",6.524859542E9,Palo Alto,United States,"#N/A","#N/A","#N/A","#N/A",35265,CA,3500 Deer Creek Road,"#N/A",123 Warehousing is the leader in Shipping in Palo Alto,"#N/A",Shipping,false,"#N/A",Camimbo,"#N/A","#N/A",5552652358,false,false,"#N/A",Never,false,true,"#N/A",Contract Based,Same,No,"#N/A","#N/A","#N/A","#N/A","#N/A","#N/A","#N/A","#N/A","#N/A","#N/A","#N/A",Customer,"#N/A","#N/A","#N/A","#N/A","#N/A","#N/A",false,false,false,"#N/A",false,false,"#N/A"
6488ebef-252c-4bbe-ac42-d89f86b3f472,"#N/A",8.0231577E7,Caringbah,Australia,"#N/A","#N/A","#N/A","#N/A",1495,NSW,10/33-37 Gannons Rd,"#N/A",Nick Ciapetta Hospital is the leader in Healthcare in Caringbah,"#N/A",Healthcare,false,"#N/A",Twimm,"#N/A","#N/A",(02) 6905 6165,false,false,"#N/A",Never,false,true,"#N/A",Contract Based,Same,No,Caringbah,Australia,"#N/A","#N/A","#N/A",1495,NSW,10/33-37 Gannons Rd,"#N/A","#N/A","#N/A",Prospect,"#N/A","#N/A","#N/A","#N/A","#N/A","#N/A",false,false,false,"#N/A",false,false,"#N/A"
678d064d-6fb3-47ca-b003-0f6dd061ead4,"#N/A",4.099E10,Fort Worth,United States,"#N/A","#N/A","#N/A","#N/A",76155-2664,TX,4333 Amon Carter Blvd,"#N/A",Primary Printing is the leader in Media in Fort Worth,"#N/A",Media,false,"#N/A",Zazio,"#N/A","#N/A",1.817.963.1234,false,false,"#N/A",Never,false,true,"#N/A",Contract Based,Same,No,Dallas,US,"#N/A","#N/A","#N/A",75261-9616,TX,P.O. BOX 619616,"#N/A","#N/A","#N/A",Prospect,"#N/A","#N/A","#N/A","#N/A","#N/A","#N/A",false,false,false,"#N/A",false,false,"#N/A"
678d6782-e6aa-4dbc-bd98-fe9100e6fad9,"#N/A",5.25079613E8,Paris,France,"#N/A","#N/A","#N/A","#N/A","#N/A",Paris,30 Avenue Montaigne,"#N/A",St. Francis South Side is the leader in Healthcare in Paris,"#N/A",Healthcare,false,"#N/A",Edgepulse,"#N/A","#N/A","#N/A",false,false,"#N/A",Never,false,true,"#N/A",Contract Based,Same,No,"#N/A","#N/A","#N/A","#N/A","#N/A","#N/A","#N/A","#N/A","#N/A","#N/A","#N/A",Customer,"#N/A","#N/A","#N/A","#N/A","#N/A","#N/A",false,false,false,"#N/A",false,false,"#N/A"
67b23d22-f6b2-4e22-b23b-cede84017e32,"#N/A",1222212.0,Indianapolis,United States,"#N/A","#N/A","#N/A","#N/A",46202,IN,71 Miller Hill,"#N/A","#N/A","#N/A",Utilities,false,"#N/A",Jabbertype,"#N/A","#N/A","#N/A",false,false,"#N/A",Never,false,true,"#N/A",Contract Based,Same,No,"#N/A","#N/A","#N/A","#N/A","#N/A","#N/A","#N/A","#N/A","#N/A","#N/A","#N/A",Prospect,"#N/A","#N/A","#N/A","#N/A","#N/A","#N/A",false,false,false,"#N/A",false,false,"#N/A"
684eec17-6499-46b9-ae8c-58fa764da8d2,"#N/A",1.3162E11,New York,United States,"#N/A","#N/A","#N/A","#N/A",10036-6704,NY,1095 Ave of The Americas,"#N/A",Colonial Movers is the leader in Services in New York,"#N/A",Services,false,"#N/A",Kazu,"#N/A","#N/A",1.212.395.1000,false,false,"#N/A",Never,false,true,"#N/A",Contract Based,Same,No,"#N/A","#N/A","#N/A","#N/A","#N/A","#N/A","#N/A","#N/A","#N/A","#N/A","#N/A",Prospect,"#N/A","#N/A","#N/A","#N/A","#N/A","#N/A",false,false,false,"#N/A",false,false,"#N/A"
68cf91fb-67f9-42d4-ae13-56261118ed64,"#N/A",2.68882E11,Irving,United States,"#N/A","#N/A","#N/A","#N/A",75039-2298,TX,5959 Las Colinas Blvd,"#N/A","Custom Metal, LLC is the leader in Automotive in Irving","#N/A",Automotive,false,"#N/A",Realfire,"#N/A","#N/A",1.972.444.1000,false,false,"#N/A",Never,false,true,"#N/A",Contract Based,Same,No,"#N/A","#N/A","#N/A","#N/A","#N/A","#N/A","#N/A","#N/A","#N/A","#N/A","#N/A",Customer,"#N/A","#N/A","#N/A","#N/A","#N/A","#N/A",false,false,false,"#N/A",false,false,"#N/A"
6a3f879b-4357-4d0d-aaa6-63f406008c66,"#N/A",3.1469E10,Falls Church,United States,"#N/A","#N/A","#N/A","#N/A",22042,VA,2941 Frview Pk Dr Ste 100,"#N/A",Keading Transportation Services is the leader in Transportation in Falls Church,"#N/A",Transportation,false,"#N/A",Buzzshare,"#N/A","#N/A",1.703.876.3000,false,false,"#N/A",Never,false,true,"#N/A",Contract Based,Same,No,"#N/A","#N/A","#N/A","#N/A","#N/A","#N/A","#N/A","#N/A","#N/A","#N/A","#N/A",Customer,"#N/A","#N/A","#N/A","#N/A","#N/A","#N/A",false,false,false,"#N/A",false,false,"#N/A"
6a987e49-ba95-4782-b87e-e7f88e25159c,"#N/A",4.9161E10,San Jose,United States,"#N/A","#N/A","#N/A","#N/A",95134-1706,CA,170 W Tasman Dr,"#N/A",Franklin Research College is the leader in Higher Education in San Jose,"#N/A",Higher Education,false,"#N/A",Oozz,"#N/A","#N/A",1.408.526.4000,false,false,"#N/A",Never,false,true,"#N/A",Contract Based,Same,No,"#N/A","#N/A","#N/A","#N/A","#N/A","#N/A","#N/A","#N/A","#N/A","#N/A","#N/A",Customer,"#N/A","#N/A","#N/A","#N/A","#N/A","#N/A",false,false,false,"#N/A",false,false,"#N/A"
6dc869d0-c2ba-49b9-b683-8b3704287602,"#N/A",3.8581E10,Morris Plains,United States,"#N/A","#N/A","#N/A","#N/A",07950-2546,NJ,115 Tabor Rd,"#N/A",Jupiter Consulting is the leader in Energy in Morris Plains,"#N/A",Energy,false,"#N/A",Uidoo,"#N/A","#N/A",1.973.455.2000,false,false,"#N/A",Never,false,true,"#N/A",Contract Based,Same,No,"#N/A","#N/A","#N/A","#N/A","#N/A","#N/A","#N/A","#N/A","#N/A","#N/A","#N/A",Customer,"#N/A","#N/A","#N/A","#N/A","#N/A","#N/A",false,false,false,"#N/A",false,false,"#N/A"
6edeac88-a16b-401b-82a2-6419c10e1a6c,"#N/A",6.30331409E8,Tokyo,Japan,"#N/A","#N/A","#N/A","#N/A","#N/A","#N/A",1 Toyota-Cho,"#N/A",Widget Corp is the leader in Technology,"#N/A",Technology,false,"#N/A",Tagopia,"#N/A","#N/A","#N/A",false,false,"#N/A",Never,false,true,"#N/A",Contract Based,Same,No,"#N/A","#N/A","#N/A","#N/A","#N/A","#N/A","#N/A",4 Riverside Rd,"#N/A","#N/A","#N/A",Customer,"#N/A","#N/A","#N/A","#N/A","#N/A","#N/A",false,false,false,"#N/A",false,false,"#N/A"
6ef3087e-a341-43ef-97c6-04f24853081b,"#N/A",2.4520919E7,Pueblo,United States,"#N/A","#N/A","#N/A","#N/A",81005,CO,336 Erie Plaza,"#N/A","#N/A","#N/A",Utilities,false,"#N/A",Linklinks,"#N/A","#N/A","#N/A",false,false,"#N/A",Never,false,true,"#N/A",Contract Based,Same,No,"#N/A","#N/A","#N/A","#N/A","#N/A","#N/A","#N/A","#N/A","#N/A","#N/A","#N/A",Prospect,"#N/A","#N/A","#N/A","#N/A","#N/A","#N/A",false,false,false,"#N/A",false,false,"#N/A"
6f5f9d0b-6a2c-4aff-b9d1-2bf442b00da3,"#N/A",8.8275E10,New York,United States,"#N/A","#N/A","#N/A","#N/A",10022-4699,NY,399 Park Ave,"#N/A",Martic-Morales Corp. is the leader in Manufacturing in New York,"#N/A",Manufacturing,false,"#N/A",Browseblab,"#N/A","#N/A",1.212.559.1000,false,false,"#N/A",Never,false,true,"#N/A",Contract Based,Same,No,"#N/A","#N/A","#N/A","#N/A","#N/A","#N/A","#N/A",100 North Riverside.,"#N/A","#N/A","#N/A",Customer,"#N/A","#N/A","#N/A","#N/A","#N/A","#N/A",false,false,false,"#N/A",false,false,"#N/A"
730a863d-727b-47e1-81dc-726e24589cd5,"#N/A",1.35962E11,Chesterbrook,United States,"#N/A","#N/A","#N/A","#N/A",19087-5594,PA,1300 Morris Dr Ste 100,"#N/A",Apogee Corp. is the leader in Manufacturing in Chesterbrook,"#N/A",Manufacturing,false,"#N/A",Divavu,"#N/A","#N/A",1.610.727.7000,false,false,"#N/A",Never,false,true,"#N/A",Contract Based,Same,No,Valley Forge,US,"#N/A","#N/A","#N/A",19482-0959,PA,P.O. BOX 959,"#N/A","#N/A","#N/A",Customer,"#N/A","#N/A","#N/A","#N/A","#N/A","#N/A",false,false,false,"#N/A",false,false,"#N/A"
77cb432a-23d4-4e20-a005-5e73eca8d738,"#N/A",7.58251458E8,Seattle,USA,"#N/A","#N/A","#N/A","#N/A","#N/A",WA,1483 Alaskan Way,"#N/A",Susannah St-Germain Hospital is the leader in Healthcare in Seattle,"#N/A",Healthcare,false,"#N/A",Yakitri,"#N/A","#N/A",(555) 561-5555,false,false,"#N/A",Never,false,true,"#N/A",Contract Based,Same,No,"#N/A","#N/A","#N/A","#N/A","#N/A","#N/A","#N/A","#N/A","#N/A","#N/A","#N/A",Customer,"#N/A","#N/A","#N/A","#N/A","#N/A","#N/A",false,false,false,"#N/A",false,false,"#N/A"
77f628e0-487f-4dcf-80e3-028edc4a698f,"#N/A",6.26746894E8,Chatswood,Australia,"#N/A","#N/A","#N/A","#N/A",2057,NSW,6/14-16 Freeman Rd,"#N/A",Omni Consimer Products is the leader in Government in Chatswood,"#N/A",Government,false,"#N/A",Mynte,"#N/A","#N/A",(02) 6453 6240,false,false,"#N/A",Never,false,true,"#N/A",Contract Based,Same,No,Chatswood,Australia,"#N/A","#N/A","#N/A",2057,NSW,6/14-16 Freeman Rd,"#N/A","#N/A","#N/A",Customer,"#N/A","#N/A","#N/A","#N/A","#N/A","#N/A",false,false,false,"#N/A",false,false,"#N/A"
7c4c4df7-82b9-47c3-9fc7-b34085e5c57a,"#N/A",4.528576E8,North Sydney,Australia,"#N/A","#N/A","#N/A","#N/A",2060,NSW,54 McLaren Street,"#N/A",Demo Company is the leader in Consulting in North Sydney,"#N/A",Consulting,false,"#N/A",Topiclounge,"#N/A","#N/A",(02) 8592 7342,false,false,"#N/A",Never,false,true,"#N/A",Contract Based,Same,No,North Sydney,Australia,"#N/A","#N/A","#N/A",2060,NSW,54 McLaren Street,"#N/A","#N/A","#N/A",Customer,"#N/A","#N/A","#N/A","#N/A","#N/A","#N/A",false,false,false,"#N/A",false,false,"#N/A"
7c71dd3c-7235-41c6-a9b5-d5318f23eaa2,"#N/A",4.0704E10,Atlanta,United States,"#N/A","#N/A","#N/A","#N/A",30354-1989,GA,1030 Delta Blvd,"#N/A",Taggart Transcontinental is the leader in Shipping in Atlanta,"#N/A",Shipping,false,"#N/A",Layo,"#N/A","#N/A",1.404.715.2600,false,false,"#N/A",Never,false,true,"#N/A",Contract Based,Same,No,Atlanta,US,"#N/A","#N/A","#N/A",30320-6001,GA,P.O. BOX 20706,"#N/A","#N/A","#N/A",Customer,"#N/A","#N/A","#N/A","#N/A","#N/A","#N/A",false,false,false,"#N/A",false,false,"#N/A"
7d00929e-389a-4347-b7a2-62dda8338574,"#N/A",2.3697E10,New York,United States,"#N/A","#N/A","#N/A","#N/A",10023-5860,NY,60 Columbus Cir FL 17,"#N/A",Thrift Bank is the leader in Finance in New York,"#N/A",Finance,false,"#N/A",Jaxworks,"#N/A","#N/A",1.212.364.8200,false,false,"#N/A",Never,false,true,"#N/A",Contract Based,Same,No,"#N/A","#N/A","#N/A","#N/A","#N/A","#N/A","#N/A",6/10 Mount St,"#N/A","#N/A","#N/A",Customer,"#N/A","#N/A","#N/A","#N/A","#N/A","#N/A",false,false,false,"#N/A",false,false,"#N/A"
7e5dc812-09f5-4346-b954-04ad43a212a3,"#N/A",7.3908E10,New York,United States,"#N/A","#N/A","#N/A","#N/A",10017-5592,NY,120 Park Ave FL 6,"#N/A",Leza College of Engineering is the leader in Higher Education in New York,"#N/A",Higher Education,false,"#N/A",Wikizz,"#N/A","#N/A",1.917.663.2000,false,false,"#N/A",Never,false,true,"#N/A",Contract Based,Same,No,"#N/A","#N/A","#N/A","#N/A","#N/A","#N/A","#N/A","#N/A","#N/A","#N/A","#N/A",Customer,"#N/A","#N/A","#N/A","#N/A","#N/A","#N/A",false,false,false,"#N/A",false,false,"#N/A"
82238b86-1d7e-4a8b-a444-d5fee13bc576,"#N/A",4.8851E10,New York,United States,"#N/A","#N/A","#N/A","#N/A",10017-5703,NY,235 E 42nd St,"#N/A",Procurabl Holdings Inc. is the leader in Manufacturing in New York,"#N/A",Manufacturing,false,"#N/A",Mybuzz,"#N/A","#N/A",1.212.733.2323,false,false,"#N/A",Never,false,true,"#N/A",Contract Based,Same,No,"#N/A","#N/A","#N/A","#N/A","#N/A","#N/A","#N/A","#N/A","#N/A","#N/A","#N/A",Customer,"#N/A","#N/A","#N/A","#N/A","#N/A","#N/A",false,false,false,"#N/A",false,false,"#N/A"
850099f9-c8f4-4d94-bd39-6eb1984c2289,"#N/A",9.02787175E8,Melbourne,Australia,"#N/A","#N/A","#N/A","#N/A",3000,VIC,350 Collins Street,"#N/A",Extensive Enterprise is the leader in Construction in Melbourne,"#N/A",Construction,false,"#N/A",Zoovu,"#N/A","#N/A",(03) 8967 7597,false,false,"#N/A",Never,false,true,"#N/A",Contract Based,Same,No,Melbourne,Australia,"#N/A","#N/A","#N/A",3000,VIC,350 Collins Street,"#N/A","#N/A","#N/A",Customer,"#N/A","#N/A","#N/A","#N/A","#N/A","#N/A",false,false,false,"#N/A",false,false,"#N/A"
86bf4c1f-060d-4fc3-a850-3200d5db4eff,"#N/A",2.5146E10,Hoffman Estates,United States,"#N/A","#N/A","#N/A","#N/A",60179-0001,IL,3333 Beverly Rd,"#N/A",SocialScaling is the leader in Communications in Hoffman Estates,"#N/A",Communications,false,"#N/A",Jabbersphere,"#N/A","#N/A",1.847.286.2500,false,false,"#N/A",Never,false,true,"#N/A",Contract Based,Same,No,"#N/A","#N/A","#N/A","#N/A","#N/A","#N/A","#N/A","#N/A","#N/A","#N/A","#N/A",Customer,"#N/A","#N/A","#N/A","#N/A","#N/A","#N/A",false,false,false,"#N/A",false,false,"#N/A"
880dc68a-bce0-4966-9aa7-59d6d927c6cf,"#N/A",5.0687142E10,Bloomington,United States,"#N/A","#N/A","#N/A","#N/A",61710-0001,IL,1 State Farm Plz,"#N/A",Delphi Energy is the leader in Energy in Bloomington,"#N/A",Energy,false,"#N/A",Pixonyx,"#N/A","#N/A",1.309.766.2311,false,false,"#N/A",Never,false,true,"#N/A",Contract Based,Same,No,"#N/A","#N/A","#N/A","#N/A","#N/A","#N/A","#N/A","#N/A","#N/A","#N/A","#N/A",Prospect,"#N/A","#N/A","#N/A","#N/A","#N/A","#N/A",false,false,false,"#N/A",false,false,"#N/A"
8c62c147-1605-43f2-bced-03da49317eaa,"#N/A",5.45047272E8,Mead,USA,"#N/A","#N/A","#N/A","#N/A",80547,CO,920 Sylvan Ave,"#N/A",Three Waters is the leader in Communications,"#N/A",Communications,false,"#N/A",Wikibox,"#N/A","#N/A","#N/A",false,false,"#N/A",Never,false,true,"#N/A",Contract Based,Same,No,"#N/A","#N/A","#N/A","#N/A","#N/A","#N/A","#N/A","#N/A","#N/A","#N/A","#N/A",Prospect,"#N/A","#N/A","#N/A","#N/A","#N/A","#N/A",false,false,false,"#N/A",false,false,"#N/A"
8c6e1903-d467-4b96-9698-c8544c3cc878,"#N/A",2.8711E10,San Antonio,United States,"#N/A","#N/A","#N/A","#N/A",78259-1834,TX,19100 Ridgewood Pkwy,"#N/A",General Products is the leader in Consumer Goods in San Antonio,"#N/A",Consumer Goods,false,"#N/A",Pixoboo,"#N/A","#N/A",1.210.626.6000,false,false,"#N/A",Never,false,true,"#N/A",Contract Based,Same,No,Cary,US,"#N/A","#N/A","#N/A",27512-8016,NC,P.O. BOX 8016,"#N/A","#N/A","#N/A",Customer,"#N/A","#N/A","#N/A","#N/A","#N/A","#N/A",false,false,false,"#N/A",false,false,"#N/A"
8d75623a-c77a-492d-af64-ca98b9c5cdf3,"#N/A","#N/A","#N/A","#N/A",ap@landmark.com,"#N/A","#N/A","#N/A","#N/A","#N/A","#N/A",46.0,"#N/A","#N/A",Entertainment,false,"#N/A",Landmark Cinemas,850,"#N/A","#N/A",false,false,"#N/A",Never,false,true,"#N/A",Contract Based,Same,No,"#N/A","#N/A","#N/A","#N/A","#N/A","#N/A","#N/A","#N/A","#N/A",12-3456789,"#N/A",Prospect,"#N/A","#N/A","#N/A","#N/A","#N/A","#N/A",false,false,false,"#N/A",false,false,"#N/A"
941c9599-9b5f-4f37-b5de-ef83011db9cf,"#N/A",8.4202995E8,Mitchelton,Australia,"#N/A","#N/A","#N/A","#N/A",4053,QLD,34 Frasers Rd,"#N/A",Christian Lavendar Hospital is the leader in Healthcare in Mitchelton,"#N/A",Healthcare,false,"#N/A",Viva,"#N/A","#N/A",(07) 8057 8902,false,false,"#N/A",Never,false,true,"#N/A",Contract Based,Same,No,Mitchelton,Australia,"#N/A","#N/A","#N/A",4053,QLD,34 Frasers Rd,"#N/A","#N/A","#N/A",Customer,"#N/A","#N/A","#N/A","#N/A","#N/A","#N/A",false,false,false,"#N/A",false,false,"#N/A"
94aa998f-01ee-49f3-b19f-7b7caa04c59c,"#N/A",1.46801E11,Dallas,United States,"#N/A","#N/A","#N/A","#N/A",75202-4295,TX,208 S Akard St,"#N/A","Regal Machine, Inc. is the leader in Automotive in Dallas","#N/A",Automotive,false,"#N/A",Eadel,"#N/A","#N/A",1.210.821.4105,false,false,"#N/A",Never,false,true,"#N/A",Contract Based,Same,No,"#N/A","#N/A","#N/A","#N/A","#N/A","#N/A","#N/A","#N/A","#N/A","#N/A","#N/A",Customer,"#N/A","#N/A","#N/A","#N/A","#N/A","#N/A",false,false,false,"#N/A",false,false,"#N/A"
986b7d70-fe91-42c8-93f1-1dfbc9b8615b,"#N/A","#N/A","#N/A","#N/A",billing@popeyes.co,"#N/A","#N/A","#N/A","#N/A","#N/A","#N/A",30.0,"#N/A","#N/A",Restaurant,false,"#N/A",Popeyes,"#N/A","#N/A","#N/A",false,false,"#N/A",Never,false,true,"#N/A",Contract Based,Same,No,"#N/A","#N/A","#N/A","#N/A","#N/A","#N/A","#N/A","#N/A","#N/A",12-3456789,"#N/A",Customer,"#N/A","#N/A","#N/A","#N/A","#N/A","#N/A",false,false,false,"#N/A",false,false,"#N/A"
9880c050-e8f5-469a-bdab-312821bd5229,"#N/A",2.9588767E7,New Bedford,United States,"#N/A","#N/A","#N/A","#N/A",2745,MA,53 Park Meadow Pass,"#N/A","#N/A","#N/A",Insurance,false,"#N/A",Realblab,"#N/A","#N/A","#N/A",false,false,"#N/A",Never,false,true,"#N/A",Contract Based,Same,No,"#N/A","#N/A","#N/A","#N/A","#N/A","#N/A","#N/A","#N/A","#N/A","#N/A","#N/A",Prospect,"#N/A","#N/A","#N/A","#N/A","#N/A","#N/A",false,false,false,"#N/A",false,false,"#N/A"
99567f11-d132-407b-bc22-566e5fed4381,"#N/A",7.91565E10,Indianapolis,United States,"#N/A","#N/A","#N/A","#N/A",46204-4902,IN,120 Monument Cir Ste 200,"#N/A",Kellerman Corp. is the leader in Consumer Goods in Indianapolis,"#N/A",Consumer Goods,false,"#N/A",Rhynyx,"#N/A","#N/A",1.317.488.6000,false,false,"#N/A",Never,false,true,"#N/A",Contract Based,Same,No,"#N/A","#N/A","#N/A","#N/A","#N/A","#N/A","#N/A","#N/A","#N/A","#N/A","#N/A",Customer,"#N/A","#N/A","#N/A","#N/A","#N/A","#N/A",false,false,false,"#N/A",false,false,"#N/A"
9a68f014-62c4-4669-9f8d-62e7bafcec68,"#N/A",5.73645303E8,Melbourne,Australia,"#N/A","#N/A","#N/A","#N/A",3004,VIC,348 St Kilda Road,"#N/A",Globex Corporation is the leader in Food & Beverage in Melbourne,"#N/A",Food & Beverage,false,"#N/A",Bluejam,"#N/A","#N/A",(03) 7876 8876,false,false,"#N/A",Never,false,true,"#N/A",Contract Based,Same,No,Melbourne,Australia,"#N/A","#N/A","#N/A",3004,VIC,348 St Kilda Road,"#N/A","#N/A","#N/A",Customer,"#N/A","#N/A","#N/A","#N/A","#N/A","#N/A",false,false,false,"#N/A",false,false,"#N/A"
9ab6bca7-0ec9-4aeb-83b4-d387e0b665b6,"#N/A",9.43474187E8,Woollahra,Australia,"#N/A","#N/A","#N/A","#N/A",2025,NSW,6 Rush St,"#N/A",Rouster and Sideways is the leader in Insurance in Woollahra,"#N/A",Insurance,false,"#N/A",Browsecat,"#N/A","#N/A",(02) 8325 6428,false,false,"#N/A",Never,false,true,"#N/A",Contract Based,Same,No,Woollahra,Australia,"#N/A","#N/A","#N/A",2025,NSW,6 Rush St,"#N/A","#N/A","#N/A",Customer,"#N/A","#N/A","#N/A","#N/A","#N/A","#N/A",false,false,false,"#N/A",false,false,"#N/A"
9b25d2d0-dd14-4b31-a55a-0e51bdb94934,"#N/A",3.85068818E8,Cranbourne,Australia,"#N/A","#N/A","#N/A","#N/A",3977,VIC,40 Toirram Cr,"#N/A",Monarch Playing Card Co. is the leader in Education in Cranbourne,"#N/A",Education,false,"#N/A",Bubblemix,"#N/A","#N/A",(03) 7305 6379,false,false,"#N/A",Never,false,true,"#N/A",Contract Based,Same,No,Cranbourne,Australia,"#N/A","#N/A","#N/A",3977,VIC,40 Toirram Cr,"#N/A","#N/A","#N/A",Prospect,"#N/A","#N/A","#N/A","#N/A","#N/A","#N/A",false,false,false,"#N/A",false,false,"#N/A"
9b5e3571-a4be-4477-800f-e9a9acb77e86,"#N/A",1.0983E11,Cincinnati,United States,"#N/A","#N/A","#N/A","#N/A",45202-1100,OH,1014 Vine St Ste 1000,"#N/A",Hagan University is the leader in Higher Education in Cincinnati,"#N/A",Higher Education,false,"#N/A",Fiveclub,"#N/A","#N/A",1.513.762.4000,false,false,"#N/A",Never,false,true,"#N/A",Contract Based,Same,No,"#N/A","#N/A","#N/A","#N/A","#N/A","#N/A","#N/A","#N/A","#N/A","#N/A","#N/A",Customer,"#N/A","#N/A","#N/A","#N/A","#N/A","#N/A",false,false,false,"#N/A",false,false,"#N/A"
9f18fd62-5ff2-4588-89a8-7d36c3943a70,"#N/A",3.7876E10,Bloomfield,United States,"#N/A","#N/A","#N/A","#N/A",06002-2920,CT,900 Cottage Grove Rd,"#N/A",Trek Broadcasting is the leader in Media in Bloomfield,"#N/A",Media,false,"#N/A",Quimm,"#N/A","#N/A",1.860.226.6000,false,false,"#N/A",Never,false,true,"#N/A",Contract Based,Same,No,"#N/A","#N/A","#N/A","#N/A","#N/A","#N/A","#N/A","#N/A","#N/A","#N/A","#N/A",Customer,"#N/A","#N/A","#N/A","#N/A","#N/A","#N/A",false,false,false,"#N/A",false,false,"#N/A"
9f2fae10-66e6-4651-9011-22e65236c3bd,"#N/A",2.4638374E7,San Jose,United States,"#N/A","#N/A","#N/A","#N/A",95113,CA,5565 Maple Wood Street,"#N/A","#N/A","#N/A",Retail,false,"#N/A",Browsezoom,"#N/A","#N/A","#N/A",false,false,"#N/A",Never,false,true,"#N/A",Contract Based,Same,No,"#N/A","#N/A","#N/A","#N/A","#N/A","#N/A","#N/A","#N/A","#N/A","#N/A","#N/A",Prospect,"#N/A","#N/A","#N/A","#N/A","#N/A","#N/A",false,false,false,"#N/A",false,false,"#N/A"
a7436331-98c3-4c5f-bee9-254a7b98951d,"#N/A",6.3491E10,Mc Lean,United States,"#N/A","#N/A","#N/A","#N/A",22102-3107,VA,8200 Jones Branch Dr,"#N/A",Decorum Interior Design is the leader in Hospitality in Mc Lean,"#N/A",Hospitality,false,"#N/A",Tagtune,"#N/A","#N/A",1.703.903.2000,false,false,"#N/A",Never,false,true,"#N/A",Contract Based,Same,No,"#N/A","#N/A","#N/A","#N/A","#N/A","#N/A","#N/A","#N/A","#N/A","#N/A","#N/A",Customer,"#N/A","#N/A","#N/A","#N/A","#N/A","#N/A",false,false,false,"#N/A",false,false,"#N/A"
a7c3d4f2-ad83-45e9-949d-44169ec78aff,"#N/A",1.00949E11,Houston,United States,"#N/A","#N/A","#N/A","#N/A",77042-3706,TX,3010 Briarpark Dr,"#N/A",Your Lesiure Microtels is the leader in Hospitality in Houston,"#N/A",Hospitality,false,"#N/A",Brightdog,"#N/A","#N/A",1.281.293.6600,false,false,"#N/A",Never,false,true,"#N/A",Contract Based,Same,No,Houston,US,"#N/A","#N/A","#N/A",77210-4428,TX,P.O. BOX 4428,"#N/A","#N/A","#N/A",Customer,"#N/A","#N/A","#N/A","#N/A","#N/A","#N/A",false,false,false,"#N/A",false,false,"#N/A"
aa086e69-bd94-472e-b726-be090fa8447f,"#N/A","#N/A","#N/A","#N/A",ap@pizzahut.com,"#N/A","#N/A","#N/A","#N/A","#N/A","#N/A",703.0,"#N/A","#N/A",Restaurant,false,"#N/A",Pizza Hut,"#N/A","#N/A","#N/A",false,false,"#N/A",Never,false,true,"#N/A",Contract Based,Same,No,"#N/A","#N/A","#N/A","#N/A","#N/A","#N/A","#N/A","#N/A","#N/A",12-3456789,"#N/A",Prospect,"#N/A","#N/A","#N/A","#N/A","#N/A","#N/A",false,false,false,"#N/A",false,false,"#N/A"
aa308b64-6942-4ed3-a7bb-8c25be70dd58,"#N/A","#N/A","#N/A","#N/A",ap@kfc.com.invalid.invalid,"#N/A","#N/A","#N/A","#N/A","#N/A","#N/A",1500.0,"#N/A","#N/A",Restaurant,false,"#N/A",KFC,500,"#N/A","#N/A",false,false,"#N/A",Never,false,true,"#N/A",Contract Based,Same,No,"#N/A","#N/A","#N/A","#N/A","#N/A","#N/A","#N/A","#N/A","#N/A",78-5876113,"#N/A",Customer,"#N/A","#N/A","#N/A","#N/A","#N/A","#N/A",false,false,false,"#N/A",false,false,"#N/A"
acb2001e-eb31-4f92-9364-9eaf254a2c60,"#N/A",1.9687E10,Springfield,United States,"#N/A","#N/A","#N/A","#N/A",01111-0001,MA,1295 State St,"#N/A",Sirius Cybernetics Corporation is the leader in Manufacturing in Springfield,"#N/A",Manufacturing,false,"#N/A",Digitube,"#N/A","#N/A",1.413.788.8411,false,false,"#N/A",Never,false,true,"#N/A",Contract Based,Same,No,"#N/A","#N/A","#N/A","#N/A","#N/A","#N/A","#N/A","#N/A","#N/A","#N/A","#N/A",Prospect,"#N/A","#N/A","#N/A","#N/A","#N/A","#N/A",false,false,false,"#N/A",false,false,"#N/A"
adbb8bf1-6354-4d33-b3c4-027a67e7be3a,"#N/A",3.2618759E10,Lakeland,United States,"#N/A","#N/A","#N/A","#N/A",33811-3311,FL,3300 Publix Corp Pkwy,"#N/A","Mecurial, Inc. is the leader in Retail in Lakeland","#N/A",Retail,false,"#N/A",Skyba,"#N/A","#N/A",1.863.688.1188,false,false,"#N/A",Never,false,true,"#N/A",Contract Based,Same,No,Lakeland,US,"#N/A","#N/A","#N/A",33802-0407,FL,P.O. BOX 407,"#N/A","#N/A","#N/A",Customer,"#N/A","#N/A","#N/A","#N/A","#N/A","#N/A",false,false,false,"#N/A",false,false,"#N/A"
ae724aec-fce9-4289-8fbb-5868d9e420d1,"#N/A",5.9074E10,Mooresville,United States,"#N/A","#N/A","#N/A","#N/A",28117-8520,NC,1000 Lowes Blvd,"#N/A",Finley Companies is the leader in Consumer Goods in Mooresville,"#N/A",Consumer Goods,false,"#N/A",Tazzy,"#N/A","#N/A",1.704.758.1000,false,false,"#N/A",Never,false,true,"#N/A",Contract Based,Same,No,Mooresville,US,"#N/A","#N/A","#N/A",28115-1000,NC,P.O. BOX 1000,"#N/A","#N/A","#N/A",Prospect,"#N/A","#N/A","#N/A","#N/A","#N/A","#N/A",false,false,false,"#N/A",false,false,"#N/A"
af724d7c-425a-4a2d-a0f7-8888cbe7d14d,"#N/A",3.7897E10,New York,United States,"#N/A","#N/A","#N/A","#N/A",10036-8200,NY,1585 Broadway,"#N/A","Clearcoat, LLC is the leader in Automotive in New York","#N/A",Automotive,false,"#N/A",Dazzlesphere,"#N/A","#N/A",1.212.761.4000,false,false,"#N/A",Never,false,true,"#N/A",Contract Based,Same,No,"#N/A","#N/A","#N/A","#N/A","#N/A","#N/A","#N/A",200 George Street,"#N/A","#N/A","#N/A",Prospect,"#N/A","#N/A","#N/A","#N/A","#N/A","#N/A",false,false,false,"#N/A",false,false,"#N/A"
b16ce15c-7450-436b-9e07-3236be8900e1,"#N/A",3.9208E10,New York,United States,"#N/A","#N/A","#N/A","#N/A",10282-2198,NY,200 West St Bldg 200,"#N/A","Voltronics, Inc. is the leader in Energy in New York","#N/A",Energy,false,"#N/A",Buzzbean,"#N/A","#N/A",1.212.902.1000,false,false,"#N/A",Never,false,true,"#N/A",Contract Based,Same,No,"#N/A","#N/A","#N/A","#N/A","#N/A","#N/A","#N/A","#N/A","#N/A","#N/A","#N/A",Prospect,"#N/A","#N/A","#N/A","#N/A","#N/A","#N/A",false,false,false,"#N/A",false,false,"#N/A"
b40cf45d-029c-4016-8fde-240c2d509084,"#N/A",2.87538616E8,Victoria Park,Australia,"#N/A","#N/A","#N/A","#N/A",6100,WA,27 Temple St,"#N/A",LexCorp is the leader in Banking in Victoria Park,"#N/A",Banking,false,"#N/A",Trilith,"#N/A","#N/A",(08) 7764 6096,false,false,"#N/A",Never,false,true,"#N/A",Contract Based,Same,No,Victoria Park,Australia,"#N/A","#N/A","#N/A",6100,WA,27 Temple St,"#N/A","#N/A","#N/A",Customer,"#N/A","#N/A","#N/A","#N/A","#N/A","#N/A",false,false,false,"#N/A",false,false,"#N/A"
b533eb86-5d8e-4019-beae-5f4a68262cec,"#N/A",1.03444E11,Deerfield,United States,"#N/A","#N/A","#N/A","#N/A",60015-5145,IL,108 Wilmot Rd,"#N/A","Civic Wealth, Inc. is the leader in Financial Services in Deerfield","#N/A",Financial Services,false,"#N/A",Mydo,"#N/A","#N/A",1.847.315.2500,false,false,"#N/A",Never,false,true,"#N/A",Contract Based,Same,No,"#N/A","#N/A","#N/A","#N/A","#N/A","#N/A","#N/A",200 George Street,"#N/A","#N/A","#N/A",Customer,"#N/A","#N/A","#N/A","#N/A","#N/A","#N/A",false,false,false,"#N/A",false,false,"#N/A"
b6568837-7e0e-4f20-a113-60ad16895154,"#N/A",2.0845725E7,Cincinnati,United States,"#N/A","#N/A","#N/A","#N/A",45271,OH,08697 Ryan Junction,"#N/A","#N/A","#N/A",Construction,false,"#N/A",Oyonder,"#N/A","#N/A","#N/A",false,false,"#N/A",Never,false,true,"#N/A",Contract Based,Same,No,"#N/A","#N/A","#N/A","#N/A","#N/A","#N/A","#N/A","#N/A","#N/A","#N/A","#N/A",Prospect,"#N/A","#N/A","#N/A","#N/A","#N/A","#N/A",false,false,false,"#N/A",false,false,"#N/A"
b7983e22-58b3-42bd-9805-d2bbcca9d77d,"#N/A",2.9111322E7,Savannah,United States,"#N/A","#N/A","#N/A","#N/A",31410,GA,50137 Brickson Park Alley,"#N/A","#N/A","#N/A",Consulting,false,"#N/A",Pixope,"#N/A","#N/A","#N/A",false,false,"#N/A",Never,false,true,"#N/A",Contract Based,Same,No,"#N/A","#N/A","#N/A","#N/A","#N/A","#N/A","#N/A","#N/A","#N/A","#N/A","#N/A",Prospect,"#N/A","#N/A","#N/A","#N/A","#N/A","#N/A",false,false,false,"#N/A",false,false,"#N/A"
b7b5dd91-d33e-42c3-b4b8-b3a060ef4c83,"#N/A","#N/A","#N/A","#N/A",billing@marriott.com.invalid.invalid,"#N/A","#N/A","#N/A","#N/A",MD,"#N/A",2170.0,"#N/A","#N/A",Hospitality,false,"#N/A",Marriott Hotels,170234,"#N/A","#N/A",false,false,"#N/A",Never,false,true,"#N/A",Contract Based,Same,No,"#N/A","#N/A","#N/A","#N/A","#N/A","#N/A","#N/A","#N/A","#N/A",82-8611386,"#N/A",Customer,"#N/A","#N/A","#N/A","#N/A","#N/A","#N/A",false,false,false,"#N/A",false,false,"#N/A"
ba272d06-c722-4281-889d-1df0a6159bd3,"#N/A",1.58331476E8,Melbourne,Australia,"#N/A","#N/A","#N/A","#N/A",3000,VIC,200 Elizabeth Street,"#N/A",Galaxy Corp is the leader in Banking in Melbourne,"#N/A",Banking,false,"#N/A",Mycat,"#N/A","#N/A",(03) 7578 7328,false,false,"#N/A",Never,false,true,"#N/A",Contract Based,Same,No,Melbourne,Australia,"#N/A","#N/A","#N/A",3000,VIC,200 Elizabeth Street,"#N/A","#N/A","#N/A",Customer,"#N/A","#N/A","#N/A","#N/A","#N/A","#N/A",false,false,false,"#N/A",false,false,"#N/A"
baa192a1-134f-4cce-b71d-560fe063e557,"#N/A",8.7804E10,San Antonio,United States,"#N/A","#N/A","#N/A","#N/A",78249-1616,TX,1 Valero Way,"#N/A",Feed the Kids is the leader in Non Profit in San Antonio,"#N/A",Non Profit,false,"#N/A",Feedbug,"#N/A","#N/A",1.210.345.2000,false,false,"#N/A",Never,false,true,"#N/A",Contract Based,Same,No,San Antonio,US,"#N/A","#N/A","#N/A",78269-6000,TX,P.O. BOX 696000,"#N/A","#N/A","#N/A",Prospect,"#N/A","#N/A","#N/A","#N/A","#N/A","#N/A",false,false,false,"#N/A",false,false,"#N/A"
bae7c987-7023-4afb-bd48-1dd9084e2349,"#N/A",3.7864E10,Chicago,United States,"#N/A","#N/A","#N/A","#N/A",60606-7147,IL,233 S Wacker Dr,"#N/A",Realia Home is the leader in Retail in Chicago,"#N/A",Retail,false,"#N/A",Edgetag,"#N/A","#N/A",1.872.825.4000,false,false,"#N/A",Never,false,true,"#N/A",Contract Based,Same,No,"#N/A","#N/A","#N/A","#N/A","#N/A","#N/A","#N/A",29 Noalimba Cr,"#N/A","#N/A","#N/A",Prospect,"#N/A","#N/A","#N/A","#N/A","#N/A","#N/A",false,false,false,"#N/A",false,false,"#N/A"
bbd0d9c2-daf7-4b60-8175-b09397ea656c,"#N/A","#N/A","#N/A","#N/A",accounting@regal.com,"#N/A","#N/A","#N/A","#N/A","#N/A","#N/A",549.0,"#N/A","#N/A",Entertainment,false,"#N/A",Regal Cinemas,"#N/A","#N/A","#N/A",false,false,"#N/A",Never,false,true,"#N/A",Contract Based,Same,No,"#N/A","#N/A","#N/A","#N/A","#N/A","#N/A","#N/A","#N/A","#N/A",12-3456789,"#N/A",Customer,"#N/A","#N/A","#N/A","#N/A","#N/A","#N/A",false,false,false,"#N/A",false,false,"#N/A"
bea2b360-4fab-4e74-ac65-45e8ae529ad8,"#N/A",2.7079E10,Cincinnati,United States,"#N/A","#N/A","#N/A","#N/A",45202-2424,OH,7 W 7th St,"#N/A",Capitol Museum of Art is the leader in Non Profit in Cincinnati,"#N/A",Non Profit,false,"#N/A",Quinu,"#N/A","#N/A",1.513.579.7000,false,false,"#N/A",Never,false,true,"#N/A",Contract Based,Same,No,"#N/A","#N/A","#N/A","#N/A","#N/A","#N/A","#N/A",701 W Georgia St,"#N/A","#N/A","#N/A",Customer,"#N/A","#N/A","#N/A","#N/A","#N/A","#N/A",false,false,false,"#N/A",false,false,"#N/A"
bf89a3fa-7c55-4b32-ad65-82662fbd4560,"#N/A",7.2258E10,Findlay,United States,"#N/A","#N/A","#N/A","#N/A",45840-3229,OH,539 S Main St,"#N/A",Claton Gardner Hospital is the leader in Healthcare in Findlay,"#N/A",Healthcare,false,"#N/A",Topdrive,"#N/A","#N/A",1.419.422.2121,false,false,"#N/A",Never,false,true,"#N/A",Contract Based,Same,No,"#N/A","#N/A","#N/A","#N/A","#N/A","#N/A","#N/A","#N/A","#N/A","#N/A","#N/A",Prospect,"#N/A","#N/A","#N/A","#N/A","#N/A","#N/A",false,false,false,"#N/A",false,false,"#N/A"
c063455b-b582-4b88-9307-6c2a7248b614,"#N/A",1.89167866E8,Zurich,Switzerland,"#N/A","#N/A","#N/A","#N/A","#N/A","#N/A",avenue Nestlé 55,"#N/A",TSM North is the leader in Healthcare,"#N/A",Healthcare,false,"#N/A",Topicware,"#N/A","#N/A","#N/A",false,false,"#N/A",Never,false,true,"#N/A",Contract Based,Same,No,"#N/A","#N/A","#N/A","#N/A","#N/A","#N/A","#N/A","#N/A","#N/A","#N/A","#N/A",Customer,"#N/A","#N/A","#N/A","#N/A","#N/A","#N/A",false,false,false,"#N/A",false,false,"#N/A"
c2387868-59b6-4884-8dec-5657bd2e05a8,"#N/A","#N/A","#N/A","#N/A","#N/A","#N/A","#N/A","#N/A","#N/A","#N/A","#N/A","#N/A","#N/A","#N/A","#N/A",false,"#N/A",Sample Account for Entitlements,"#N/A","#N/A","#N/A",false,false,"#N/A",Never,false,false,"#N/A","#N/A",Same,No,"#N/A","#N/A","#N/A","#N/A","#N/A","#N/A","#N/A","#N/A","#N/A","#N/A","#N/A","#N/A","#N/A","#N/A","#N/A","#N/A","#N/A","#N/A",false,false,false,"#N/A",false,false,"#N/A"
c2b84511-4454-42a5-a8f7-45a596574401,"#N/A",1.5566896E7,Flushing,United States,"#N/A","#N/A","#N/A","#N/A",11355,NY,066 Grayhawk Road,"#N/A","#N/A","#N/A",Utilities,false,"#N/A",Wordware,"#N/A","#N/A","#N/A",false,false,"#N/A",Never,false,true,"#N/A",Contract Based,Same,No,"#N/A","#N/A","#N/A","#N/A","#N/A","#N/A","#N/A","#N/A","#N/A","#N/A","#N/A",Prospect,"#N/A","#N/A","#N/A","#N/A","#N/A","#N/A",false,false,false,"#N/A",false,false,"#N/A"
c3378b19-a6aa-4a11-a6e8-8104a1260517,"#N/A",4.528576E8,Paris,France,"#N/A","#N/A","#N/A","#N/A","#N/A","#N/A",75010,"#N/A",Trevor Ferrin Hospital is the leader in Healthcare,"#N/A",Healthcare,false,"#N/A",Yakidoo,"#N/A","#N/A","#N/A",false,false,"#N/A",Never,false,true,"#N/A",Contract Based,Same,No,"#N/A","#N/A","#N/A","#N/A","#N/A","#N/A","#N/A","#N/A","#N/A","#N/A","#N/A",Customer,"#N/A","#N/A","#N/A","#N/A","#N/A","#N/A",false,false,false,"#N/A",false,false,"#N/A"
c38eb692-65a7-4fe0-8f8f-8ac7cf13d2be,"#N/A",9.3056E10,Charlotte,United States,"#N/A","#N/A","#N/A","#N/A",28202-4031,NC,100 N Tryon St Ste 220,"#N/A",Velso International is the leader in Manufacturing in Charlotte,"#N/A",Manufacturing,false,"#N/A",Dynazzy,"#N/A","#N/A",1.704.386.5681,false,false,"#N/A",Never,false,true,"#N/A",Contract Based,Same,No,"#N/A","#N/A","#N/A","#N/A","#N/A","#N/A","#N/A","#N/A","#N/A","#N/A","#N/A",Customer,"#N/A","#N/A","#N/A","#N/A","#N/A","#N/A",false,false,false,"#N/A",false,false,"#N/A"
c39f7fb0-09de-490a-9b9a-c690d69a6847,"#N/A",8.0231577E7,Bavaria,Germany,"#N/A","#N/A","#N/A","#N/A",80333,Munich,Wittelsbacherplatz 2,"#N/A",Virtucon is the leader in Banking in Bavaria,"#N/A",Banking,false,"#N/A",Aivee,"#N/A","#N/A","#N/A",false,false,"#N/A",Never,false,true,"#N/A",Contract Based,Same,No,"#N/A","#N/A","#N/A","#N/A","#N/A","#N/A","#N/A",6/10 Mount St,"#N/A","#N/A","#N/A",Customer,"#N/A","#N/A","#N/A","#N/A","#N/A","#N/A",false,false,false,"#N/A",false,false,"#N/A"
c46c6576-933f-400f-aac4-c0d0b85b0dcf,"#N/A",3.4292E10,Dallas,United States,"#N/A","#N/A","#N/A","#N/A",75225-6142,TX,8111 Westchester Dr # 600,"#N/A",Mammoth Pictures is the leader in Media in Dallas,"#N/A",Media,false,"#N/A",Fliptune,"#N/A","#N/A",1.214.981.0700,false,false,"#N/A",Never,false,true,"#N/A",Contract Based,Same,No,"#N/A","#N/A","#N/A","#N/A","#N/A","#N/A","#N/A","#N/A","#N/A","#N/A","#N/A",Customer,"#N/A","#N/A","#N/A","#N/A","#N/A","#N/A",false,false,false,"#N/A",false,false,"#N/A"
c556e59a-bf7d-4fef-a8cb-da79f72bcf66,"#N/A",5.45137679E8,Bibra Lake,Australia,"#N/A","#N/A","#N/A","#N/A",6163,WA,13 Joshua Cl,"#N/A",PK North is the leader in Healthcare in Bibra Lake,"#N/A",Healthcare,false,"#N/A",Jazzy,"#N/A","#N/A",(08) 7593 7049,false,false,"#N/A",Never,false,true,"#N/A",Contract Based,Same,No,Bibra Lake,Australia,"#N/A","#N/A","#N/A",6163,WA,13 Joshua Cl,"#N/A","#N/A","#N/A",Prospect,"#N/A","#N/A","#N/A","#N/A","#N/A","#N/A",false,false,false,"#N/A",false,false,"#N/A"
c5c79fb3-3188-43ff-bca0-0faa4458ea26,"#N/A",6.3056E10,Purchase,United States,"#N/A","#N/A","#N/A","#N/A",10577-1444,NY,700 Anderson Hill Rd,"#N/A",General Services Corporation is the leader in Hospitality in Purchase,"#N/A",Hospitality,false,"#N/A",Yamia,"#N/A","#N/A",1.914.253.2000,false,false,"#N/A",Never,false,true,"#N/A",Contract Based,Same,No,"#N/A","#N/A","#N/A","#N/A","#N/A","#N/A","#N/A","#N/A","#N/A","#N/A","#N/A",Prospect,"#N/A","#N/A","#N/A","#N/A","#N/A","#N/A",false,false,false,"#N/A",false,false,"#N/A"
c8333706-df4f-40bd-92ac-76b24db70e23,"#N/A",5.6098E10,Farmington,United States,"#N/A","#N/A","#N/A","#N/A",06032-2577,CT,10 Farm Springs Rd,"#N/A",Tungsten Security Services is the leader in Transportation in Farmington,"#N/A",Transportation,false,"#N/A",Centimia,"#N/A","#N/A",1.860.728.7000,false,false,"#N/A",Never,false,true,"#N/A",Contract Based,Same,No,"#N/A","#N/A","#N/A","#N/A","#N/A","#N/A","#N/A","#N/A","#N/A","#N/A","#N/A",Customer,"#N/A","#N/A","#N/A","#N/A","#N/A","#N/A",false,false,false,"#N/A",false,false,"#N/A"
cda9169f-82aa-42e1-ab86-595ce7382720,"#N/A",6.9951E10,New York,United States,"#N/A","#N/A","#N/A","#N/A",10166-0188,NY,200 Park Ave FL 1200,"#N/A",Synaptic Networking Solutions is the leader in Communications in New York,"#N/A",Communications,false,"#N/A",DabZ,"#N/A","#N/A",1.212.578.2211,false,false,"#N/A",Never,false,true,"#N/A",Contract Based,Same,No,"#N/A","#N/A","#N/A","#N/A","#N/A","#N/A","#N/A","#N/A","#N/A","#N/A","#N/A",Prospect,"#N/A","#N/A","#N/A","#N/A","#N/A","#N/A",false,false,false,"#N/A",false,false,"#N/A"
d2d2cd18-a6ac-44a1-a108-94eda750e9f2,"#N/A",1.49558E11,Dearborn,United States,"#N/A","#N/A","#N/A","#N/A",48126-2701,MI,1 American Rd,"#N/A","Tension, Inc. is the leader in Energy in Dearborn","#N/A",Energy,false,"#N/A",Gabtype,"#N/A","#N/A",1.313.322.3000,false,false,"#N/A",Never,false,true,"#N/A",Contract Based,Same,No,Dearborn,US,"#N/A","#N/A","#N/A",48121-0685,MI,P.O. BOX 685,"#N/A","#N/A","#N/A",Customer,"#N/A","#N/A","#N/A","#N/A","#N/A","#N/A",false,false,false,"#N/A",false,false,"#N/A"
d38f93ea-5bef-4a85-9fcb-2f13e4c0a0a5,"#N/A",3.0944938E10,Framingham,United States,"#N/A","#N/A","#N/A","#N/A",01701-4698,MA,770 Cochituate Rd Ste 1,"#N/A",Prandial Foods is the leader in Consumer Goods in Framingham,"#N/A",Consumer Goods,false,"#N/A",Yodel,"#N/A","#N/A",1.508.390.1000,false,false,"#N/A",Never,false,true,"#N/A",Contract Based,Same,No,Framingham,US,"#N/A","#N/A","#N/A",01701-9133,MA,P.O. BOX 9133,"#N/A","#N/A","#N/A",Customer,"#N/A","#N/A","#N/A","#N/A","#N/A","#N/A",false,false,false,"#N/A",false,false,"#N/A"
d685986f-2e7b-4e08-b6fb-d2e2a0600506,"#N/A",1.27207233E8,Warradale,Australia,"#N/A","#N/A","#N/A","#N/A",5046,SA,140 Diagonal Rd,"#N/A",Charles Townsend Agency is the leader in Apparel in Warradale,"#N/A",Apparel,false,"#N/A",Gabcube,"#N/A","#N/A",(08) 8985 7724,false,false,"#N/A",Never,false,true,"#N/A",Contract Based,Same,No,Warradale,Australia,"#N/A","#N/A","#N/A",5046,SA,140 Diagonal Rd,"#N/A","#N/A","#N/A",Customer,"#N/A","#N/A","#N/A","#N/A","#N/A","#N/A",false,false,false,"#N/A",false,false,"#N/A"
d6bce4d3-5703-45bb-9186-fce48edca2de,"#N/A",1.78663741E8,Canary Wharf,United Kingdom,"#N/A","#N/A","#N/A","#N/A",E14 5AJ,London,1 Canada Square,"#N/A",St. Francis Hospital is the leader in Healthcare in Canary Wharf,"#N/A",Healthcare,false,"#N/A",Meembee,"#N/A","#N/A","#N/A",false,false,"#N/A",Never,false,true,"#N/A",Contract Based,Same,No,"#N/A","#N/A","#N/A","#N/A","#N/A","#N/A","#N/A","#N/A","#N/A","#N/A","#N/A",Customer,"#N/A","#N/A","#N/A","#N/A","#N/A","#N/A",false,false,false,"#N/A",false,false,"#N/A"
d7c2288e-b264-4c5f-9c2b-ee3117e3023d,"#N/A","#N/A","#N/A","#N/A",ap@notredam.edu,"#N/A","#N/A","#N/A","#N/A",IN,"#N/A",1.0,"#N/A","#N/A",Education,false,"#N/A",Notre Dame University,1309,"#N/A","#N/A",false,false,"#N/A",Never,false,true,"#N/A",Contract Based,Same,No,"#N/A","#N/A","#N/A","#N/A","#N/A","#N/A","#N/A","#N/A","#N/A",12-3456789,"#N/A",Prospect,"#N/A","#N/A","#N/A","#N/A","#N/A","#N/A",false,false,false,"#N/A",false,false,"#N/A"
d9be5ca3-b26e-47cf-935c-ac307c9334f0,"#N/A",3.45972597E8,Wahroonga,Australia,"#N/A","#N/A","#N/A","#N/A",2076,NSW,3 Myra St,"#N/A",Nordyne Defense Dynamics is the leader in Technology in Wahroonga,"#N/A",Technology,false,"#N/A",Thoughtstorm,"#N/A","#N/A",(02) 7820 8765,false,false,"#N/A",Never,false,true,"#N/A",Contract Based,Same,No,Wahroonga,Australia,"#N/A","#N/A","#N/A",2076,NSW,3 Myra St,"#N/A","#N/A","#N/A",Customer,"#N/A","#N/A","#N/A","#N/A","#N/A","#N/A",false,false,false,"#N/A",false,false,"#N/A"
d9be8515-659f-4372-938f-271ba4df56d1,"#N/A",7.76395463E8,Paris,France,"#N/A","#N/A","#N/A","#N/A","#N/A",Paris,"16, bd des Italiens","#N/A",SS South is the leader in Healthcare in Paris,"#N/A",Healthcare,false,"#N/A",Voolia,"#N/A","#N/A","#N/A",false,false,"#N/A",Never,false,true,"#N/A",Contract Based,Same,No,"#N/A","#N/A","#N/A","#N/A","#N/A","#N/A","#N/A","#N/A","#N/A","#N/A","#N/A",Customer,"#N/A","#N/A","#N/A","#N/A","#N/A","#N/A",false,false,false,"#N/A",false,false,"#N/A"
da68607e-2b54-4d49-97fa-0ada312468b8,"#N/A",5.6873066E8,Bondi,Australia,"#N/A","#N/A","#N/A","#N/A",2026,NSW,178 Campbell Parade,"#N/A",Danielle Bogartz Hospital is the leader in Healthcare in Bondi,"#N/A",Healthcare,false,"#N/A",Oyoba,"#N/A","#N/A",(02) 7198 7098,false,false,"#N/A",Never,false,true,"#N/A",Contract Based,Same,No,Bondi,Australia,"#N/A","#N/A","#N/A",2026,NSW,178 Campbell Parade,"#N/A","#N/A","#N/A",Customer,"#N/A","#N/A","#N/A","#N/A","#N/A","#N/A",false,false,false,"#N/A",false,false,"#N/A"
dcd37c48-2f70-4967-a4ae-035495a1df77,"#N/A",6.39903177E8,Sydney,Australia,"#N/A","#N/A","#N/A","#N/A",2007,NSW,390 Harris Street,"#N/A",Petrox Oil Company is the leader in Energy in Sydney,"#N/A",Energy,false,"#N/A",Kwideo,"#N/A","#N/A",(02) 7948 6474,false,false,"#N/A",Never,false,true,"#N/A",Contract Based,Same,No,Sydney,Australia,"#N/A","#N/A","#N/A",2007,NSW,390 Harris Street,"#N/A","#N/A","#N/A",Customer,"#N/A","#N/A","#N/A","#N/A","#N/A","#N/A",false,false,false,"#N/A",false,false,"#N/A"
de8015e5-5c45-4dc6-ad8f-60cf2ff1f017,"#N/A",5.0E7,Vancouver,Canada,"#N/A","#N/A","#N/A","#N/A","#N/A",BC,BC V6T 1A7,"#N/A",Spade and Archer is the leader in Services in BC,"#N/A",Services,false,"#N/A",Twitterwire,"#N/A","#N/A","#N/A",false,false,"#N/A",Never,false,true,"#N/A",Contract Based,Same,No,"#N/A","#N/A","#N/A","#N/A","#N/A","#N/A","#N/A","#N/A","#N/A","#N/A","#N/A",Customer,"#N/A","#N/A","#N/A","#N/A","#N/A","#N/A",false,false,false,"#N/A",false,false,"#N/A"
e03cf7dd-1944-49ef-9f57-c03041e034b9,"#N/A",1.5240896511E10,Columbus,United States,"#N/A","#N/A","#N/A","#N/A",43215-2226,OH,1 Nationwide Plz,"#N/A",Polimarc Inc. is the leader in Media in Columbus,"#N/A",Media,false,"#N/A",Zoonoodle,"#N/A","#N/A",1.614.249.7111,false,false,"#N/A",Never,false,true,"#N/A",Contract Based,Same,No,Columbus,US,"#N/A","#N/A","#N/A",43218-2171,OH,P.O. BOX 182171,"#N/A","#N/A","#N/A",Prospect,"#N/A","#N/A","#N/A","#N/A","#N/A","#N/A",false,false,false,"#N/A",false,false,"#N/A"
e2da4b95-9f62-4006-80d6-ed68a421c864,"#N/A",9.05588171E8,Bavaria,Germany,"#N/A","#N/A","#N/A","#N/A","#N/A",Munich,300 Chestnut Ridge Road,"#N/A",SS North is the leader in Healthcare in Bavaria,"#N/A",Healthcare,false,"#N/A",Dabfeed,"#N/A","#N/A","#N/A",false,false,"#N/A",Never,false,true,"#N/A",Contract Based,Same,No,"#N/A","#N/A","#N/A","#N/A","#N/A","#N/A","#N/A","#N/A","#N/A","#N/A","#N/A",Customer,"#N/A","#N/A","#N/A","#N/A","#N/A","#N/A",false,false,false,"#N/A",false,false,"#N/A"
e32f1fd3-e02e-4d10-a555-611a2d39971c,"#N/A",1.46231103E8,Kensington,Australia,"#N/A","#N/A","#N/A","#N/A",1465,NSW,4/81 Doncaster Av,"#N/A",SB North is the leader in Healthcare in Kensington,"#N/A",Healthcare,false,"#N/A",Quire,"#N/A","#N/A",(02) 6721 8929,false,false,"#N/A",Never,false,true,"#N/A",Contract Based,Same,No,Kensington,Australia,"#N/A","#N/A","#N/A",1465,NSW,4/81 Doncaster Av,"#N/A","#N/A","#N/A",Customer,"#N/A","#N/A","#N/A","#N/A","#N/A","#N/A",false,false,false,"#N/A",false,false,"#N/A"
e8edbb86-1175-4c5c-8373-428d06c7eb7a,"#N/A",9.0033E10,San Francisco,United States,"#N/A","#N/A","#N/A","#N/A",94104-1205,CA,420 Montgomery St Frnt,"#N/A",Cryptocurrents is the leader in Financial Services in San Francisco,"#N/A",Financial Services,false,"#N/A",Trunyx,"#N/A","#N/A",1.866.878.5865,false,false,"#N/A",Never,false,true,"#N/A",Contract Based,Same,No,"#N/A","#N/A","#N/A","#N/A","#N/A","#N/A","#N/A",420 Montgomery St Frnt,"#N/A","#N/A","#N/A",Prospect,"#N/A","#N/A","#N/A","#N/A","#N/A","#N/A",false,false,false,"#N/A",false,false,"#N/A"
e9016873-2097-4efa-a799-bb8118669b20,"#N/A",5.6771552999E10,Boise,United States,"#N/A","#N/A","#N/A","#N/A",83706-3999,ID,250 E Parkcenter Blvd,"#N/A",Spruik Communications is the leader in Communications in Boise,"#N/A",Communications,false,"#N/A",Skyvu,"#N/A","#N/A",1.208.395.6200,false,false,"#N/A",Never,false,true,"#N/A",Contract Based,Same,No,"#N/A","#N/A","#N/A","#N/A","#N/A","#N/A","#N/A","#N/A","#N/A","#N/A","#N/A",Prospect,"#N/A","#N/A","#N/A","#N/A","#N/A","#N/A",false,false,false,"#N/A",false,false,"#N/A"
ea678d26-02f6-43e1-b5b6-f4bcdaa67d60,"#N/A",9488745.0,Carson City,United States,"#N/A","#N/A","#N/A","#N/A",89714,NV,4 Weeping Birch Crossing,"#N/A","#N/A","#N/A",Consulting,false,"#N/A",Flashset,"#N/A","#N/A","#N/A",false,false,"#N/A",Never,false,true,"#N/A",Contract Based,Same,No,"#N/A","#N/A","#N/A","#N/A","#N/A","#N/A","#N/A","#N/A","#N/A","#N/A","#N/A",Prospect,"#N/A","#N/A","#N/A","#N/A","#N/A","#N/A",false,false,false,"#N/A",false,false,"#N/A"
eaf300b4-82d6-4669-b23d-e4e30d848f0b,"#N/A",1.46231103E8,Welwyn Garden City,United Kingdom,"#N/A","#N/A","#N/A","#N/A",AL7 1GA,"#N/A","Tesco House, Shire Park, Kestrel Way","#N/A",Western Gas & Electric is the leader in Biotechnology,"#N/A",Biotechnology,false,"#N/A",Meeveo,"#N/A","#N/A","#N/A",false,false,"#N/A",Never,false,true,"#N/A",Contract Based,Same,No,"#N/A","#N/A","#N/A","#N/A","#N/A","#N/A","#N/A","Tesco House, Shire Park, Kestrel Way","#N/A","#N/A","#N/A",Customer,"#N/A","#N/A","#N/A","#N/A","#N/A","#N/A",false,false,false,"#N/A",false,false,"#N/A"
ebe08ffe-130b-4100-b7e0-d63d21213bde,"#N/A",2.88628E10,Moline,United States,"#N/A","#N/A","#N/A","#N/A",61265-8098,IL,1 John Deere Pl,"#N/A",Fastforward Software is the leader in Technology in Moline,"#N/A",Technology,false,"#N/A",Tazz,"#N/A","#N/A",1.309.765.8000,false,false,"#N/A",Never,false,true,"#N/A",Contract Based,Same,No,"#N/A","#N/A","#N/A","#N/A","#N/A","#N/A","#N/A","#N/A","#N/A","#N/A","#N/A",Customer,"#N/A","#N/A","#N/A","#N/A","#N/A","#N/A",false,false,false,"#N/A",false,false,"#N/A"
ed81e822-7497-4ec7-a86f-9a5308b5d56a,"#N/A",2.89485471E8,Berlin,Germany,"#N/A","#N/A","#N/A","#N/A","#N/A",Berlin,1011 Centre Road,"#N/A",Strickland Propane is the leader in Biotechnology in Berlin,"#N/A",Biotechnology,false,"#N/A",Babblestorm,"#N/A","#N/A","#N/A",false,false,"#N/A",Never,false,true,"#N/A",Contract Based,Same,No,"#N/A","#N/A","#N/A","#N/A","#N/A","#N/A","#N/A","#N/A","#N/A","#N/A","#N/A",Prospect,"#N/A","#N/A","#N/A","#N/A","#N/A","#N/A",false,false,false,"#N/A",false,false,"#N/A"
ee883545-60fa-4914-a47c-6f5be5958442,"#N/A",5.4289E10,Louisville,United States,"#N/A","#N/A","#N/A","#N/A",40202-4268,KY,500 W Main St Ste 300,"#N/A",Ankh-Sto Associates is the leader in Apparel in Louisville,"#N/A",Apparel,false,"#N/A",Topicblab,"#N/A","#N/A",1.502.580.1000,false,false,"#N/A",Never,false,true,"#N/A",Contract Based,Same,No,Louisville,US,"#N/A","#N/A","#N/A",40214-0601,KY,P.O. BOX 14601,"#N/A","#N/A","#N/A",Customer,"#N/A","#N/A","#N/A","#N/A","#N/A","#N/A",false,false,false,"#N/A",false,false,"#N/A"
ef36f76e-68e6-4659-8e45-daf8179e81ee,"#N/A",4.93945873E8,Bacchus Marsh,Australia,"#N/A","#N/A","#N/A","#N/A",3340,VIC,57 Clifton Dr,"#N/A",PK South is the leader in Healthcare in Bacchus Marsh,"#N/A",Healthcare,false,"#N/A",Gigaclub,"#N/A","#N/A",(03) 6472 8807,false,false,"#N/A",Never,false,true,"#N/A",Contract Based,Same,No,Bacchus Marsh,Australia,"#N/A","#N/A","#N/A",3340,VIC,57 Clifton Dr,"#N/A","#N/A","#N/A",Customer,"#N/A","#N/A","#N/A","#N/A","#N/A","#N/A",false,false,false,"#N/A",false,false,"#N/A"
ef7cfff2-b38f-441e-bb26-e1ae949fd98b,"#N/A",2.70279E10,Houston,United States,"#N/A","#N/A","#N/A","#N/A",77002-5432,TX,1100 Louisiana St FL 10,"#N/A",Sylvia Birungi Hospital is the leader in Healthcare in Houston,"#N/A",Healthcare,false,"#N/A",Vipe,"#N/A","#N/A",1.713.381.6500,false,false,"#N/A",Never,false,true,"#N/A",Contract Based,Same,No,Houston,US,"#N/A","#N/A","#N/A",77210-4324,TX,P.O. BOX 4324,"#N/A","#N/A","#N/A",Prospect,"#N/A","#N/A","#N/A","#N/A","#N/A","#N/A",false,false,false,"#N/A",false,false,"#N/A"
f0895b22-4eff-4cf9-a24a-360161570d79,"#N/A",2.3633E10,Houston,United States,"#N/A","#N/A","#N/A","#N/A",77032-3299,TX,3000 N Sam Houston Pkwy E,"#N/A",Systym Vitals is the leader in Technology in Houston,"#N/A",Technology,false,"#N/A",Twinder,"#N/A","#N/A",1.281.871.2699,false,false,"#N/A",Never,false,true,"#N/A",Contract Based,Same,No,"#N/A","#N/A","#N/A","#N/A","#N/A","#N/A","#N/A","#N/A","#N/A","#N/A","#N/A",Prospect,"#N/A","#N/A","#N/A","#N/A","#N/A","#N/A",false,false,false,"#N/A",false,false,"#N/A"
f292a578-be8b-4a6e-b76c-43f96432c943,"#N/A",1.0E8,New York,USA,billing@acme.com,"#N/A","#N/A","#N/A",31349,NY,10 Main Rd.,7.0,"#N/A",(212) 555-5555,Corporate Office,false,"#N/A",Acme,680,"#N/A",(212) 555-5555,false,false,"#N/A","#N/A",false,false,"#N/A","#N/A","#N/A","#N/A",New York,USA,"#N/A","#N/A","#N/A",31349,NY,10 Main Rd.,"#N/A",12-3456789,"#N/A",Prospect,"#N/A","#N/A","#N/A","#N/A","#N/A","#N/A",false,false,false,"#N/A",false,false,"#N/A"
f7e1edb6-f270-44e0-8918-d5a92866aaac,"#N/A",5.2465E10,Burbank,United States,"#N/A","#N/A","#N/A","#N/A",91521-0007,CA,500 S Buena Vista St,"#N/A",Larsco College is the leader in Higher Education in Burbank,"#N/A",Higher Education,false,"#N/A",Voolith,"#N/A","#N/A",1.818.560.1000,false,false,"#N/A",Never,false,true,"#N/A",Contract Based,Same,No,"#N/A","#N/A","#N/A","#N/A","#N/A","#N/A","#N/A","#N/A","#N/A","#N/A","#N/A",Customer,"#N/A","#N/A","#N/A","#N/A","#N/A","#N/A",false,false,false,"#N/A",false,false,"#N/A"
f82d3e69-0865-484f-a159-b25f6f347a7e,"#N/A",1.58331476E8,London,United Kingdom,"#N/A","#N/A","#N/A","#N/A",SE1 7NA,"#N/A",Shell Centre,"#N/A",Videlectrix is the leader in Electronics,"#N/A",Electronics,false,"#N/A",Livefish,"#N/A","#N/A","#N/A",false,false,"#N/A",Never,false,true,"#N/A",Contract Based,Same,No,"#N/A","#N/A","#N/A","#N/A","#N/A","#N/A","#N/A","#N/A","#N/A","#N/A","#N/A",Customer,"#N/A","#N/A","#N/A","#N/A","#N/A","#N/A",false,false,false,"#N/A",false,false,"#N/A"
fb10bef3-df41-4153-a1e5-5d72c6b46a58,"#N/A",4.8778E10,Midland,United States,"#N/A","#N/A","#N/A","#N/A",48674-1500,MI,2030 Dow Ctr,"#N/A",Computico Labs is the leader in Technology in Midland,"#N/A",Technology,false,"#N/A",Kamba,"#N/A","#N/A",1.989.636.1000,false,false,"#N/A",Never,false,true,"#N/A",Contract Based,Same,No,"#N/A","#N/A","#N/A","#N/A","#N/A","#N/A","#N/A","#N/A","#N/A","#N/A","#N/A",Prospect,"#N/A","#N/A","#N/A","#N/A","#N/A","#N/A",false,false,false,"#N/A",false,false,"#N/A"
fca3590b-c3df-4862-b2ad-d3d5ae5c2bf9,"#N/A",6.8846673E7,Como,Australia,"#N/A","#N/A","#N/A","#N/A",2226,NSW,67 Como Pde,"#N/A",Megadodo Publications is the leader in Consulting in Como,"#N/A",Consulting,false,"#N/A",Jaxspan,"#N/A","#N/A",(02) 6849 6177,false,false,"#N/A",Never,false,true,"#N/A",Contract Based,Same,No,Como,Australia,"#N/A","#N/A","#N/A",2226,NSW,67 Como Pde,"#N/A","#N/A","#N/A",Prospect,"#N/A","#N/A","#N/A","#N/A","#N/A","#N/A",false,false,false,"#N/A",false,false,"#N/A"
fdacaa3f-1b03-407e-a129-fe70c8aaa7c7,"#N/A",2.55815146E8,Baden-Württemberg,Germany,"#N/A","#N/A","#N/A","#N/A","#N/A",Stuttgart,70173,"#N/A",St Francis West Side is the leader in Healthcare in Baden-Württemberg,"#N/A",Healthcare,false,"#N/A",Skaboo,"#N/A","#N/A","#N/A",false,false,"#N/A",Never,false,true,"#N/A",Contract Based,Same,No,"#N/A","#N/A","#N/A","#N/A","#N/A","#N/A","#N/A","#N/A","#N/A","#N/A","#N/A",Customer,"#N/A","#N/A","#N/A","#N/A","#N/A","#N/A",false,false,false,"#N/A",false,false,"#N/A"
fded04ac-51ff-40df-8d57-6a8b4300135a,"#N/A",2.33715E11,Cupertino,United States,"#N/A","#N/A","#N/A","#N/A",95014-2083,CA,1 Infinite Loop,"#N/A",Sweetwine Car Service is the leader in Transportation in Cupertino,"#N/A",Transportation,false,"#N/A",Wordtune,"#N/A","#N/A",1.408.996.1010,false,false,"#N/A",Never,false,true,"#N/A",Contract Based,Same,No,"#N/A","#N/A","#N/A","#N/A","#N/A","#N/A","#N/A","#N/A","#N/A","#N/A","#N/A",Prospect,"#N/A","#N/A","#N/A","#N/A","#N/A","#N/A",false,false,false,"#N/A",false,false,"#N/A"
fe4c04cf-e19f-4c2f-983c-c0fb2a0e1f30,"#N/A",1.03355E11,Palo Alto,United States,"#N/A","#N/A","#N/A","#N/A",94304-1126,CA,1501 Page Mill Rd,"#N/A",Kumatsu Motors is the leader in Automotive in Palo Alto,"#N/A",Automotive,false,"#N/A",Oodoo,"#N/A","#N/A",1.650.857.1501,false,false,"#N/A",Never,false,true,"#N/A",Contract Based,Same,No,Palo Alto,US,"#N/A","#N/A","#N/A",94303-0890,CA,P.O. BOX 10301,"#N/A","#N/A","#N/A",Customer,"#N/A","#N/A","#N/A","#N/A","#N/A","#N/A",false,false,false,"#N/A",false,false,"#N/A"
fe5c268b-8ac5-4666-843b-c15ceabca022,"#N/A",7.4989E10,Mountain View,United States,"#N/A","#N/A","#N/A","#N/A",94043-1351,CA,1600 Amphitheatre Pkwy,"#N/A",Roxxon is the leader in Retail in Mountain View,"#N/A",Retail,false,"#N/A",Fatz,"#N/A","#N/A",1.650.253.0000,false,false,"#N/A",Never,false,true,"#N/A",Contract Based,Same,No,"#N/A","#N/A","#N/A","#N/A","#N/A","#N/A","#N/A","#N/A","#N/A","#N/A","#N/A",Customer,"#N/A","#N/A","#N/A","#N/A","#N/A","#N/A",false,false,false,"#N/A",false,false,"#N/A"
ff757fa5-bb35-4694-8562-0368c560d488,"#N/A",7.451E10,Philadelphia,United States,"#N/A","#N/A","#N/A","#N/A",19103-2838,PA,1701 JFK Blvd,"#N/A",Initech is the leader in Technology in Philadelphia,"#N/A",Technology,false,"#N/A",Topicstorm,"#N/A","#N/A",1.215.286.1700,false,false,"#N/A",Never,false,true,"#N/A",Contract Based,Same,No,"#N/A","#N/A","#N/A","#N/A","#N/A","#N/A","#N/A","#N/A","#N/A","#N/A","#N/A",Customer,"#N/A","#N/A","#N/A","#N/A","#N/A","#N/A",false,false,false,"#N/A",false,false,"#N/A"
